pair_id,assignment1,assignment2,label_name,label
111,"Natural language processing allows computers to interpret, analyze, and manipulate human language using statistical models, rule-based heuristics, and deep learning transformers like BERT and GPT.","Natural language processing allows computers to interpret, analyze, and manipulate human language using statistical models, rule-based heuristics, and deep learning transformers like BERT and GPT.",Duplicate,2
420,Denial of Service and Distributed Denial of Service attacks attempt to disrupt the normal traffic of a targeted server by overwhelming it with a flood of malicious traffic.,"An operating system acts as an intermediary between computer hardware and user applications, providing process management, memory management, file systems, and device control.",Different,0
566,"NoSQL databases provide flexible schema designs and horizontal scalability for distributed data models, including document stores like MongoDB, key-value stores like Redis, and graph databases like Neo4j.","Transmission Control Protocol provides connection-oriented, reliable, and ordered delivery of byte streams between networked hosts through three-way handshakes and flow control.",Different,0
78,"Cloud service models are categorized into Infrastructure as a Service, Platform as a Service, and Software as a Service depending on the degree of customer management.","Cloud service models are categorized into Infrastructure as a Service, Platform as a Service, and Software as a Service depending on the degree of customer management.",Duplicate,2
182,Denial of Service and Distributed Denial of Service attacks attempt to disrupt the normal traffic of a targeted server by overwhelming it with a flood of malicious traffic.,Denial of Service and Distributed Denial of Service attacks attempt to disrupt the normal traffic of a targeted server by overwhelming it with a flood of malicious traffic.,Duplicate,2
285,"The OSI reference model defines network communication through seven conceptual layers: Physical, Data Link, Network, Transport, Session, Presentation, and Application.","The The 7-layer OSI model formalizes telecommunication protocols through seven conceptual layers: Physical, Data Link, Network, Transport, Session, Presentation, and Application. In practical applications, this provides robust capabilities.",Similar,1
11,Semaphores and mutex locks are synchronization primitives designed to prevent race conditions and enforce mutual exclusion in multithreaded concurrent systems.,Semaphores and mutex locks are synchronization primitives designed to prevent race conditions and enforce mutual exclusion in multithreaded concurrent systems.,Duplicate,2
470,"Multi-factor authentication strengthens access control by requiring two or more independent credentials such as passwords, authenticator tokens, or biometrics.",Deadlock occurs in concurrent programming when two or more processes are permanently blocked because each is waiting for a resource held by another process in a circular wait condition.,Different,0
79,"User Datagram Protocol is a connectionless transport protocol prioritizing low latency over reliability, frequently used in real-time video streaming, DNS lookups, and gaming.","User Datagram Protocol is a connectionless transport protocol prioritizing low latency over reliability, frequently used in real-time video streaming, DNS lookups, and gaming.",Duplicate,2
350,Public-key cryptography utilizes asymmetric key pairs consisting of a public key for encryption and a private mathematically linked key for decryption.,Public-key cryptography utilizes asymmetric key pairs consisting of a public key for encryption and a private mathematically linked key for decryption. Industry adoption of this method has increased drastically.,Similar,1
56,"User Datagram Protocol is a connectionless transport protocol prioritizing low latency over reliability, frequently used in real-time video streaming, DNS lookups, and gaming.","User  Datagram Protocol is a connectionless transport protocol prioritizing low latency over reliability, frequently used in real-time video streaming, DNS lookups, and gaming.",Duplicate,2
119,Public-key cryptography utilizes asymmetric key pairs consisting of a public key for encryption and a private mathematically linked key for decryption.,Public-key cryptography utilizes asymmetric key pairs consisting of a public  key for encryption and a private mathematically linked key for decryption.,Duplicate,2
110,Public-key cryptography utilizes asymmetric key pairs consisting of a public key for encryption and a private mathematically linked key for decryption.,Public-key cryptography utilizes asymmetric key pairs consisting of a public key for encryption and a private mathematically linked  key for decryption.,Duplicate,2
589,"An operating system acts as an intermediary between computer hardware and user applications, providing process management, memory management, file systems, and device control.",Reinforcement learning is an area of machine learning concerning how intelligent agents ought to take actions in an environment in order to maximize cumulative reward through exploration and exploitation.,Different,0
370,"Natural language processing allows computers to interpret, analyze, and manipulate human language using statistical models, rule-based heuristics, and deep learning transformers like BERT and GPT.","Natural language processing allows digital machines to interpret, analyze, and manipulate human language using statistical models, rule-based heuristics, and deep learning transformers like BERT and GPT. This concept is fundamental to modern computing systems.",Similar,1
235,"Supervised learning algorithms are trained using labeled datasets where the desired output is known. Unsupervised learning models discover hidden patterns or groupings in unlabeled datasets, such as k-means clustering.","Supervised approaches utilize annotated data sets with known ground truth where the desired output is known. Unsupervised methods detect latent groupings or groupings in unlabeled datasets, such as k-means clustering. This concept is fundamental to modern computing systems.",Similar,1
31,Denial of Service and Distributed Denial of Service attacks attempt to disrupt the normal traffic of a targeted server by overwhelming it with a flood of malicious traffic.,Denial of Service  and Distributed Denial of Service attacks attempt to disrupt the normal traffic of a targeted server by overwhelming it with a flood of malicious traffic.,Duplicate,2
213,"Cloud service models are categorized into Infrastructure as a Service, Platform as a Service, and Software as a Service depending on the degree of customer management.","Cloud service models are categorized into Infrastructure as a Service, Platform as a Service, and Software as a Service depending on the degree of customer management. Extensive research continues to enhance its operational performance.",Similar,1
185,"Database normalization is the systematic process of organizing fields and tables to minimize data redundancy and dependency anomalies, progressing through 1NF, 2NF, 3NF, and BCNF.","Database normalization is the systematic process of organizing fields and tables to minimize data redundancy and dependency anomalies, progressing through 1NF, 2NF, 3NF, and BCNF.",Duplicate,2
87,Routing algorithms such as Dijkstra's link-state and Bellman-Ford distance-vector establish optimum packet paths across interconnected autonomous system networks.,Routing algorithms such as Dijkstra's link-state and Bellman-Ford distance-vector establish optimum packet paths across interconnected autonomous system networks.,Duplicate,2
3,"Database normalization is the systematic process of organizing fields and tables to minimize data redundancy and dependency anomalies, progressing through 1NF, 2NF, 3NF, and BCNF.","Database normalization is the systematic process of organizing fields and tables to minimize data redundancy and dependency anomalies, progressing through 1NF, 2NF, 3NF, and BCNF.",Duplicate,2
588,"The OSI reference model defines network communication through seven conceptual layers: Physical, Data Link, Network, Transport, Session, Presentation, and Application.",Convolutional Neural Networks are deep neural network architectures specifically designed for computer vision and image processing tasks. They use convolutional layers to extract spatial hierarchies of features from images.,Different,0
536,"Machine learning is a subset of artificial intelligence that focuses on building applications that learn from data and improve their accuracy over time without being explicitly programmed. Common algorithms include decision trees, neural networks, and support vector machines.","Multi-factor authentication strengthens access control by requiring two or more independent credentials such as passwords, authenticator tokens, or biometrics.",Different,0
597,"Cloud service models are categorized into Infrastructure as a Service, Platform as a Service, and Software as a Service depending on the degree of customer management.","SQL injection occurs when untrusted user input is directly concatenated into SQL database queries, allowing attackers to manipulate queries and extract confidential data.",Different,0
369,SQL indexing creates data structures such as B-trees or hash tables on table columns to drastically speed up query retrieval performance at the cost of additional storage and write overhead.,SQL indexing creates data structures such as B-trees or hash tables on table columns to drastically speed up query retrieval efficiency at the cost of additional memory capacity and write overhead. This concept is fundamental to modern computing systems.,Similar,1
540,Public-key cryptography utilizes asymmetric key pairs consisting of a public key for encryption and a private mathematically linked key for decryption.,"User Datagram Protocol is a connectionless transport protocol prioritizing low latency over reliability, frequently used in real-time video streaming, DNS lookups, and gaming.",Different,0
73,"Database normalization is the systematic process of organizing fields and tables to minimize data redundancy and dependency anomalies, progressing through 1NF, 2NF, 3NF, and BCNF.","Database normalization is the systematic process of organizing fields and tables to minimize data redundancy and dependency anomalies, progressing through 1NF, 2NF, 3NF, and BCNF.",Duplicate,2
136,"Cloud service models are categorized into Infrastructure as a Service, Platform as a Service, and Software as a Service depending on the degree of customer management.","Cloud service models are categorized into Infrastructure as a Service, Platform as a Service, and Software as a Service depending on the degree of customer management.",Duplicate,2
557,Routing algorithms such as Dijkstra's link-state and Bellman-Ford distance-vector establish optimum packet paths across interconnected autonomous system networks.,Denial of Service and Distributed Denial of Service attacks attempt to disrupt the normal traffic of a targeted server by overwhelming it with a flood of malicious traffic.,Different,0
438,"Transmission Control Protocol provides connection-oriented, reliable, and ordered delivery of byte streams between networked hosts through three-way handshakes and flow control.","Natural language processing allows computers to interpret, analyze, and manipulate human language using statistical models, rule-based heuristics, and deep learning transformers like BERT and GPT.",Different,0
596,"Multi-factor authentication strengthens access control by requiring two or more independent credentials such as passwords, authenticator tokens, or biometrics.",Domain Name System translates human-friendly domain names like example.com into numerical IP addresses required for packet routing across the internet.,Different,0
164,SQL indexing creates data structures such as B-trees or hash tables on table columns to drastically speed up query retrieval performance at the cost of additional storage and write overhead.,SQL indexing creates data structures such as B-trees or hash tables on table columns to drastically speed up query retrieval performance at the cost of additional storage and write overhead.,Duplicate,2
83,"Cloud service models are categorized into Infrastructure as a Service, Platform as a Service, and Software as a Service depending on the degree of customer management.","Cloud service models are categorized into Infrastructure as a Service, Platform as a Service, and  Software as a Service depending on the degree of customer management.",Duplicate,2
258,"Microservices architecture structures an enterprise application as a collection of loosely coupled, independently deployable services communicating via REST APIs or message brokers.","Microservices architecture structures an enterprise application as a collection of loosely coupled, independently deployable utilities communicating via REST APIs or message brokers. This concept is fundamental to modern computing systems.",Similar,1
193,SQL indexing creates data structures such as B-trees or hash tables on table columns to drastically speed up query retrieval performance at the cost of additional storage and write overhead.,SQL indexing creates data structures such as B-trees or hash tables on table columns to drastically speed up query retrieval performance at the cost of  additional storage and write overhead.,Duplicate,2
454,"Machine learning is a subset of artificial intelligence that focuses on building applications that learn from data and improve their accuracy over time without being explicitly programmed. Common algorithms include decision trees, neural networks, and support vector machines.",Domain Name System translates human-friendly domain names like example.com into numerical IP addresses required for packet routing across the internet.,Different,0
133,"Natural language processing allows computers to interpret, analyze, and manipulate human language using statistical models, rule-based heuristics, and deep learning transformers like BERT and GPT.","Natural language processing allows computers to interpret, analyze, and manipulate human language using statistical models, rule-based heuristics, and deep  learning transformers like BERT and GPT.",Duplicate,2
516,"Supervised learning algorithms are trained using labeled datasets where the desired output is known. Unsupervised learning models discover hidden patterns or groupings in unlabeled datasets, such as k-means clustering.",Semaphores and mutex locks are synchronization primitives designed to prevent race conditions and enforce mutual exclusion in multithreaded concurrent systems.,Different,0
442,"NoSQL databases provide flexible schema designs and horizontal scalability for distributed data models, including document stores like MongoDB, key-value stores like Redis, and graph databases like Neo4j.","Cloud service models are categorized into Infrastructure as a Service, Platform as a Service, and Software as a Service depending on the degree of customer management.",Different,0
276,Deadlock occurs in concurrent programming when two or more processes are permanently blocked because each is waiting for a resource held by another process in a circular wait condition.,"A deadlock situation arises during multithreading when two or more processes are permanently blocked because each is waiting for a resource held by another process in a circular wait condition. In practical applications, this provides robust capabilities.",Similar,1
365,"The OSI reference model defines network communication through seven conceptual layers: Physical, Data Link, Network, Transport, Session, Presentation, and Application.","The The 7-layer OSI model formalizes telecommunication protocols through seven conceptual layers: Physical, Data Link, Network, Transport, Session, Presentation, and Application. Industry adoption of this method has increased drastically.",Similar,1
30,"ACID properties ensure database transaction reliability: Atomicity guarantees all-or-nothing execution, Consistency enforces constraints, Isolation separates concurrent transactions, and Durability ensures committed updates persist.","ACID properties ensure database transaction reliability: Atomicity guarantees all-or-nothing execution, Consistency enforces constraints, Isolation separates concurrent transactions, and Durability ensures committed updates persist. ",Duplicate,2
507,Convolutional Neural Networks are deep neural network architectures specifically designed for computer vision and image processing tasks. They use convolutional layers to extract spatial hierarchies of features from images.,"Transmission Control Protocol provides connection-oriented, reliable, and ordered delivery of byte streams between networked hosts through three-way handshakes and flow control.",Different,0
571,"Virtual memory uses paging and swapping mechanisms to combine physical RAM with secondary disk storage, allowing programs larger than physical memory to execute smoothly.","Machine learning is a subset of artificial intelligence that focuses on building applications that learn from data and improve their accuracy over time without being explicitly programmed. Common algorithms include decision trees, neural networks, and support vector machines.",Different,0
25,"Database normalization is the systematic process of organizing fields and tables to minimize data redundancy and dependency anomalies, progressing through 1NF, 2NF, 3NF, and BCNF.","Database normalization is  the systematic process of organizing fields and tables to minimize data redundancy and dependency anomalies, progressing through 1NF, 2NF, 3NF, and BCNF.",Duplicate,2
183,Denial of Service and Distributed Denial of Service attacks attempt to disrupt the normal traffic of a targeted server by overwhelming it with a flood of malicious traffic.,Denial of Service and Distributed Denial of Service attacks attempt to disrupt the normal traffic of a targeted server by overwhelming it with a flood of malicious traffic.,Duplicate,2
474,"SQL injection occurs when untrusted user input is directly concatenated into SQL database queries, allowing attackers to manipulate queries and extract confidential data.",Routing algorithms such as Dijkstra's link-state and Bellman-Ford distance-vector establish optimum packet paths across interconnected autonomous system networks.,Different,0
105,"Database normalization is the systematic process of organizing fields and tables to minimize data redundancy and dependency anomalies, progressing through 1NF, 2NF, 3NF, and BCNF.","Database normalization is the systematic process of organizing fields and tables to minimize data redundancy and dependency anomalies, progressing through 1NF, 2NF, 3NF, and BCNF.",Duplicate,2
64,Denial of Service and Distributed Denial of Service attacks attempt to disrupt the normal traffic of a targeted server by overwhelming it with a flood of malicious traffic.,Denial of Service and Distributed Denial of Service attacks attempt to disrupt the normal traffic of a targeted server by overwhelming it with a flood of malicious traffic.,Duplicate,2
491,"Machine learning is a subset of artificial intelligence that focuses on building applications that learn from data and improve their accuracy over time without being explicitly programmed. Common algorithms include decision trees, neural networks, and support vector machines.","User Datagram Protocol is a connectionless transport protocol prioritizing low latency over reliability, frequently used in real-time video streaming, DNS lookups, and gaming.",Different,0
246,Public-key cryptography utilizes asymmetric key pairs consisting of a public key for encryption and a private mathematically linked key for decryption.,Public-key cryptography utilizes asymmetric key pairs consisting of a public key for encryption and a private mathematically linked key for decryption. Extensive research continues to enhance its operational performance.,Similar,1
249,Semaphores and mutex locks are synchronization primitives designed to prevent race conditions and enforce mutual exclusion in multithreaded concurrent systems.,Semaphores and mutex locks are synchronization primitives designed to prevent race conditions and enforce mutual exclusion in multithreaded concurrent systems. This concept is fundamental to modern computing systems.,Similar,1
102,"Cloud computing delivers computing services including servers, storage, databases, networking, and software over the internet with on-demand elasticity and pay-as-you-go pricing.","Cloud computing delivers computing  services including servers, storage, databases, networking, and software over the internet with on-demand elasticity and pay-as-you-go pricing.",Duplicate,2
556,"Cloud computing delivers computing services including servers, storage, databases, networking, and software over the internet with on-demand elasticity and pay-as-you-go pricing.",Convolutional Neural Networks are deep neural network architectures specifically designed for computer vision and image processing tasks. They use convolutional layers to extract spatial hierarchies of features from images.,Different,0
592,Containerization packages application code together with its runtime dependencies into portable containers orchestrated at scale using tools like Docker and Kubernetes.,"NoSQL databases provide flexible schema designs and horizontal scalability for distributed data models, including document stores like MongoDB, key-value stores like Redis, and graph databases like Neo4j.",Different,0
357,"The OSI reference model defines network communication through seven conceptual layers: Physical, Data Link, Network, Transport, Session, Presentation, and Application.","The The 7-layer OSI model formalizes telecommunication protocols through seven conceptual layers: Physical, Data Link, Network, Transport, Session, Presentation, and Application. This concept is fundamental to modern computing systems.",Similar,1
210,"Cloud service models are categorized into Infrastructure as a Service, Platform as a Service, and Software as a Service depending on the degree of customer management.","Cloud service models are categorized into Infrastructure as a Service, Platform as a Service, and Software as a Service depending on the degree of customer management. In practical applications, this provides robust capabilities.",Similar,1
166,"Virtual memory uses paging and swapping mechanisms to combine physical RAM with secondary disk storage, allowing programs larger than physical memory to execute smoothly.","Virtual memory uses paging and swapping mechanisms to combine physical RAM with secondary disk storage, allowing programs larger than physical memory to execute smoothly.",Duplicate,2
138,SQL indexing creates data structures such as B-trees or hash tables on table columns to drastically speed up query retrieval performance at the cost of additional storage and write overhead.,SQL indexing creates data structures such as B-trees or hash tables on table columns to drastically speed up query retrieval performance at the cost of additional storage and write overhead.,Duplicate,2
196,A firewall monitors and filters incoming and outgoing network traffic based on predefined security rules to block unauthorized access and malicious threats.,A firewall monitors and filters incoming and outgoing network traffic based on predefined security rules to block unauthorized access and malicious threats.,Duplicate,2
77,"Microservices architecture structures an enterprise application as a collection of loosely coupled, independently deployable services communicating via REST APIs or message brokers.","Microservices architecture structures an enterprise application as a collection of loosely coupled, independently deployable services communicating via REST APIs or message brokers.",Duplicate,2
177,"User Datagram Protocol is a connectionless transport protocol prioritizing low latency over reliability, frequently used in real-time video streaming, DNS lookups, and gaming.","User Datagram Protocol is a connectionless transport protocol prioritizing low latency over reliability, frequently  used in real-time video streaming, DNS lookups, and gaming.",Duplicate,2
330,Convolutional Neural Networks are deep neural network architectures specifically designed for computer vision and image processing tasks. They use convolutional layers to extract spatial hierarchies of features from images.,Convolutional Neural Networks are deep neural network architectures tailored for digital image recognition and visual analysis and image processing operations They use convolutional layers to extract spatial hierarchies of features from images. Industry adoption of this method has increased drastically.,Similar,1
537,"Supervised learning algorithms are trained using labeled datasets where the desired output is known. Unsupervised learning models discover hidden patterns or groupings in unlabeled datasets, such as k-means clustering.",Semaphores and mutex locks are synchronization primitives designed to prevent race conditions and enforce mutual exclusion in multithreaded concurrent systems.,Different,0
549,"Process scheduling algorithms determine the order in which execution threads receive CPU time, including First-Come-First-Served, Shortest Job Next, Priority Scheduling, and Round Robin.","Supervised learning algorithms are trained using labeled datasets where the desired output is known. Unsupervised learning models discover hidden patterns or groupings in unlabeled datasets, such as k-means clustering.",Different,0
71,"Machine learning is a subset of artificial intelligence that focuses on building applications that learn from data and improve their accuracy over time without being explicitly programmed. Common algorithms include decision trees, neural networks, and support vector machines.","Machine learning is a subset of artificial intelligence that focuses on building applications that learn from data and improve their accuracy over time without being explicitly programmed. Common algorithms include decision trees, neural networks, and support vector machines.",Duplicate,2
562,"The OSI reference model defines network communication through seven conceptual layers: Physical, Data Link, Network, Transport, Session, Presentation, and Application.","Cloud computing delivers computing services including servers, storage, databases, networking, and software over the internet with on-demand elasticity and pay-as-you-go pricing.",Different,0
590,"Serverless computing allows developers to deploy event-driven functions without provisioning or managing underlying virtual servers, scaling automatically to zero when idle.","Multi-factor authentication strengthens access control by requiring two or more independent credentials such as passwords, authenticator tokens, or biometrics.",Different,0
82,"ACID properties ensure database transaction reliability: Atomicity guarantees all-or-nothing execution, Consistency enforces constraints, Isolation separates concurrent transactions, and Durability ensures committed updates persist.","ACID properties ensure database transaction reliability: Atomicity guarantees all-or-nothing execution, Consistency enforces constraints,  Isolation separates concurrent transactions, and Durability ensures committed updates persist.",Duplicate,2
317,A relational database management system organizes data into tables consisting of rows and columns with primary keys and foreign keys enforcing referential integrity.,"A RDBMS structures records into relational tabular schemas consisting of rows and columns with primary keys and foreign keys enforcing referential integrity. In practical applications, this provides robust capabilities.",Similar,1
305,"Process scheduling algorithms determine the order in which execution threads receive CPU time, including First-Come-First-Served, Shortest Job Next, Priority Scheduling, and Round Robin.","Process scheduling models determine the order in which execution threads receive CPU time, including First-Come-First-Served, Shortest Job Next, Priority Scheduling, and Round Robin. This concept is fundamental to modern computing systems.",Similar,1
7,"ACID properties ensure database transaction reliability: Atomicity guarantees all-or-nothing execution, Consistency enforces constraints, Isolation separates concurrent transactions, and Durability ensures committed updates persist.","ACID properties ensure database transaction reliability: Atomicity guarantees all-or-nothing execution, Consistency enforces constraints, Isolation separates concurrent transactions, and Durability ensures committed updates persist.",Duplicate,2
424,Deadlock occurs in concurrent programming when two or more processes are permanently blocked because each is waiting for a resource held by another process in a circular wait condition.,"User Datagram Protocol is a connectionless transport protocol prioritizing low latency over reliability, frequently used in real-time video streaming, DNS lookups, and gaming.",Different,0
375,SQL indexing creates data structures such as B-trees or hash tables on table columns to drastically speed up query retrieval performance at the cost of additional storage and write overhead.,SQL indexing creates data structures such as B-trees or hash tables on table columns to drastically speed up query retrieval efficiency at the cost of additional memory capacity and write overhead. Industry adoption of this method has increased drastically.,Similar,1
430,"The OSI reference model defines network communication through seven conceptual layers: Physical, Data Link, Network, Transport, Session, Presentation, and Application.",A firewall monitors and filters incoming and outgoing network traffic based on predefined security rules to block unauthorized access and malicious threats.,Different,0
538,Reinforcement learning is an area of machine learning concerning how intelligent agents ought to take actions in an environment in order to maximize cumulative reward through exploration and exploitation.,"Microservices architecture structures an enterprise application as a collection of loosely coupled, independently deployable services communicating via REST APIs or message brokers.",Different,0
313,"The OSI reference model defines network communication through seven conceptual layers: Physical, Data Link, Network, Transport, Session, Presentation, and Application.","The The 7-layer OSI model formalizes telecommunication protocols through seven conceptual layers: Physical, Data Link, Network, Transport, Session, Presentation, and Application. In practical applications, this provides robust capabilities.",Similar,1
239,Containerization packages application code together with its runtime dependencies into portable containers orchestrated at scale using tools like Docker and Kubernetes.,Containerization packages application code together with its runtime dependencies into portable containers orchestrated at scale using tools like Docker and Kubernetes. Extensive research continues to enhance its operational performance.,Similar,1
560,Reinforcement learning is an area of machine learning concerning how intelligent agents ought to take actions in an environment in order to maximize cumulative reward through exploration and exploitation.,"Virtual memory uses paging and swapping mechanisms to combine physical RAM with secondary disk storage, allowing programs larger than physical memory to execute smoothly.",Different,0
433,"Process scheduling algorithms determine the order in which execution threads receive CPU time, including First-Come-First-Served, Shortest Job Next, Priority Scheduling, and Round Robin.",Containerization packages application code together with its runtime dependencies into portable containers orchestrated at scale using tools like Docker and Kubernetes.,Different,0
287,"Cloud service models are categorized into Infrastructure as a Service, Platform as a Service, and Software as a Service depending on the degree of customer management.","Cloud service models are categorized into Infrastructure as a Service, Platform as a Service, and Software as a Service depending on the degree of customer management. Extensive research continues to enhance its operational performance.",Similar,1
427,"Serverless computing allows developers to deploy event-driven functions without provisioning or managing underlying virtual servers, scaling automatically to zero when idle.","Machine learning is a subset of artificial intelligence that focuses on building applications that learn from data and improve their accuracy over time without being explicitly programmed. Common algorithms include decision trees, neural networks, and support vector machines.",Different,0
599,"An operating system acts as an intermediary between computer hardware and user applications, providing process management, memory management, file systems, and device control.",Containerization packages application code together with its runtime dependencies into portable containers orchestrated at scale using tools like Docker and Kubernetes.,Different,0
362,"Database normalization is the systematic process of organizing fields and tables to minimize data redundancy and dependency anomalies, progressing through 1NF, 2NF, 3NF, and BCNF.","Database normalization is the systematic process of organizing fields and tables to minimize data redundancy and dependency anomalies, progressing through 1NF, 2NF, 3NF, and BCNF. Extensive research continues to enhance its operational performance.",Similar,1
74,"Multi-factor authentication strengthens access control by requiring two or more independent credentials such as passwords, authenticator tokens, or biometrics.","Multi-factor authentication strengthens access control by requiring two or more independent credentials such as passwords, authenticator tokens, or biometrics.",Duplicate,2
40,Convolutional Neural Networks are deep neural network architectures specifically designed for computer vision and image processing tasks. They use convolutional layers to extract spatial hierarchies of features from images.,Convolutional Neural Networks are deep neural network architectures specifically designed for computer vision and image processing tasks. They use convolutional layers to extract spatial hierarchies of features from images.,Duplicate,2
156,"NoSQL databases provide flexible schema designs and horizontal scalability for distributed data models, including document stores like MongoDB, key-value stores like Redis, and graph databases like Neo4j.","NoSQL databases provide flexible schema designs and horizontal scalability for distributed data models, including document stores like MongoDB, key-value stores like Redis, and  graph databases like Neo4j.",Duplicate,2
219,"Cloud service models are categorized into Infrastructure as a Service, Platform as a Service, and Software as a Service depending on the degree of customer management.","Cloud service models are categorized into Infrastructure as a Service, Platform as a Service, and Software as a Service depending on the degree of customer management. This concept is fundamental to modern computing systems.",Similar,1
371,"An operating system acts as an intermediary between computer hardware and user applications, providing process management, memory management, file systems, and device control.","An The OS serves as a software bridge between computer hardware and user applications, providing process management, memory management, file systems, and device control. In practical applications, this provides robust capabilities.",Similar,1
211,"Serverless computing allows developers to deploy event-driven functions without provisioning or managing underlying virtual servers, scaling automatically to zero when idle.","Serverless computing allows software engineers to deploy event-driven functions without provisioning or managing underlying virtual servers, scaling automatically to zero when idle. Industry adoption of this method has increased drastically.",Similar,1
236,"The OSI reference model defines network communication through seven conceptual layers: Physical, Data Link, Network, Transport, Session, Presentation, and Application.","The The 7-layer OSI model formalizes telecommunication protocols through seven conceptual layers: Physical, Data Link, Network, Transport, Session, Presentation, and Application. In practical applications, this provides robust capabilities.",Similar,1
547,Convolutional Neural Networks are deep neural network architectures specifically designed for computer vision and image processing tasks. They use convolutional layers to extract spatial hierarchies of features from images.,"Cloud computing delivers computing services including servers, storage, databases, networking, and software over the internet with on-demand elasticity and pay-as-you-go pricing.",Different,0
61,A relational database management system organizes data into tables consisting of rows and columns with primary keys and foreign keys enforcing referential integrity.,A relational database management system organizes data into tables consisting of rows and columns with primary keys and foreign keys enforcing referential integrity.,Duplicate,2
301,SQL indexing creates data structures such as B-trees or hash tables on table columns to drastically speed up query retrieval performance at the cost of additional storage and write overhead.,SQL indexing creates data structures such as B-trees or hash tables on table columns to drastically speed up query retrieval efficiency at the cost of additional memory capacity and write overhead. Extensive research continues to enhance its operational performance.,Similar,1
260,"Microservices architecture structures an enterprise application as a collection of loosely coupled, independently deployable services communicating via REST APIs or message brokers.","Microservices architecture structures an enterprise application as a collection of loosely coupled, independently deployable utilities communicating via REST APIs or message brokers. Extensive research continues to enhance its operational performance.",Similar,1
281,"SQL injection occurs when untrusted user input is directly concatenated into SQL database queries, allowing attackers to manipulate queries and extract confidential data.","SQL injection occurs when untrusted user input is directly concatenated into SQL database queries, allowing attackers to manipulate queries and extract sensitive private data. Extensive research continues to enhance its operational performance.",Similar,1
229,"Cloud service models are categorized into Infrastructure as a Service, Platform as a Service, and Software as a Service depending on the degree of customer management.","Cloud service models are categorized into Infrastructure as a Service, Platform as a Service, and Software as a Service depending on the degree of customer management. In practical applications, this provides robust capabilities.",Similar,1
12,Public-key cryptography utilizes asymmetric key pairs consisting of a public key for encryption and a private mathematically linked key for decryption.,Public-key cryptography utilizes asymmetric key pairs  consisting of a public key for encryption and a private mathematically linked key for decryption.,Duplicate,2
413,Semaphores and mutex locks are synchronization primitives designed to prevent race conditions and enforce mutual exclusion in multithreaded concurrent systems.,Containerization packages application code together with its runtime dependencies into portable containers orchestrated at scale using tools like Docker and Kubernetes.,Different,0
84,"Multi-factor authentication strengthens access control by requiring two or more independent credentials such as passwords, authenticator tokens, or biometrics.","Multi-factor authentication strengthens access control by requiring two or more independent credentials such as passwords, authenticator tokens, or biometrics.",Duplicate,2
91,"Supervised learning algorithms are trained using labeled datasets where the desired output is known. Unsupervised learning models discover hidden patterns or groupings in unlabeled datasets, such as k-means clustering.","Supervised learning algorithms  are trained using labeled datasets where the desired output is known. Unsupervised learning models discover hidden patterns or groupings in unlabeled datasets, such as k-means clustering.",Duplicate,2
209,Domain Name System translates human-friendly domain names like example.com into numerical IP addresses required for packet routing across the internet.,Domain Name System translates human-friendly domain names like example.com into numerical IP addresses required for packet routing across the internet. Industry adoption of this method has increased drastically.,Similar,1
539,"Virtual memory uses paging and swapping mechanisms to combine physical RAM with secondary disk storage, allowing programs larger than physical memory to execute smoothly.",Convolutional Neural Networks are deep neural network architectures specifically designed for computer vision and image processing tasks. They use convolutional layers to extract spatial hierarchies of features from images.,Different,0
336,"Virtual memory uses paging and swapping mechanisms to combine physical RAM with secondary disk storage, allowing programs larger than physical memory to execute smoothly.",Virtual memory uses paging and swapping mechanisms to combine physical RAM with secondary disk memory capacity allowing software applications larger than physical memory to execute smoothly. This concept is fundamental to modern computing systems.,Similar,1
80,"Transmission Control Protocol provides connection-oriented, reliable, and ordered delivery of byte streams between networked hosts through three-way handshakes and flow control.","Transmission Control Protocol provides connection-oriented, reliable, and ordered delivery of byte streams between networked  hosts through three-way handshakes and flow control.",Duplicate,2
435,A firewall monitors and filters incoming and outgoing network traffic based on predefined security rules to block unauthorized access and malicious threats.,"Cloud service models are categorized into Infrastructure as a Service, Platform as a Service, and Software as a Service depending on the degree of customer management.",Different,0
141,"Cloud service models are categorized into Infrastructure as a Service, Platform as a Service, and Software as a Service depending on the degree of customer management.","Cloud service models are categorized into Infrastructure as a Service, Platform as a Service, and  Software as a Service depending on the degree of customer management.",Duplicate,2
282,"User Datagram Protocol is a connectionless transport protocol prioritizing low latency over reliability, frequently used in real-time video streaming, DNS lookups, and gaming.","User Datagram Protocol is a connectionless transport protocol prioritizing low latency over reliability, frequently used in real-time video streaming, DNS lookups, and gaming. This concept is fundamental to modern computing systems.",Similar,1
269,Containerization packages application code together with its runtime dependencies into portable containers orchestrated at scale using tools like Docker and Kubernetes.,Containerization packages application code together with its runtime dependencies into portable containers orchestrated at scale using tools like Docker and Kubernetes. This concept is fundamental to modern computing systems.,Similar,1
415,"SQL injection occurs when untrusted user input is directly concatenated into SQL database queries, allowing attackers to manipulate queries and extract confidential data.",Domain Name System translates human-friendly domain names like example.com into numerical IP addresses required for packet routing across the internet.,Different,0
200,Domain Name System translates human-friendly domain names like example.com into numerical IP addresses required for packet routing across the internet.,Domain Name System translates human-friendly domain names like example.com into numerical IP addresses required for packet routing across the internet.,Duplicate,2
465,"Process scheduling algorithms determine the order in which execution threads receive CPU time, including First-Come-First-Served, Shortest Job Next, Priority Scheduling, and Round Robin.","Transmission Control Protocol provides connection-oriented, reliable, and ordered delivery of byte streams between networked hosts through three-way handshakes and flow control.",Different,0
576,"Process scheduling algorithms determine the order in which execution threads receive CPU time, including First-Come-First-Served, Shortest Job Next, Priority Scheduling, and Round Robin.","SQL injection occurs when untrusted user input is directly concatenated into SQL database queries, allowing attackers to manipulate queries and extract confidential data.",Different,0
585,"Natural language processing allows computers to interpret, analyze, and manipulate human language using statistical models, rule-based heuristics, and deep learning transformers like BERT and GPT.","User Datagram Protocol is a connectionless transport protocol prioritizing low latency over reliability, frequently used in real-time video streaming, DNS lookups, and gaming.",Different,0
372,"Serverless computing allows developers to deploy event-driven functions without provisioning or managing underlying virtual servers, scaling automatically to zero when idle.","Serverless computing allows software engineers to deploy event-driven functions without provisioning or managing underlying virtual servers, scaling automatically to zero when idle. This concept is fundamental to modern computing systems.",Similar,1
400,Semaphores and mutex locks are synchronization primitives designed to prevent race conditions and enforce mutual exclusion in multithreaded concurrent systems.,Semaphores and mutex locks are synchronization primitives designed to prevent race conditions and enforce mutual exclusion in multithreaded concurrent systems. Extensive research continues to enhance its operational performance.,Similar,1
341,"An operating system acts as an intermediary between computer hardware and user applications, providing process management, memory management, file systems, and device control.","An The OS serves as a software bridge between computer hardware and user applications, providing process management, memory management, file systems, and device control. This concept is fundamental to modern computing systems.",Similar,1
149,Semaphores and mutex locks are synchronization primitives designed to prevent race conditions and enforce mutual exclusion in multithreaded concurrent systems.,Semaphores and mutex locks are synchronization primitives designed to prevent  race conditions and enforce mutual exclusion in multithreaded concurrent systems.,Duplicate,2
495,Domain Name System translates human-friendly domain names like example.com into numerical IP addresses required for packet routing across the internet.,Reinforcement learning is an area of machine learning concerning how intelligent agents ought to take actions in an environment in order to maximize cumulative reward through exploration and exploitation.,Different,0
440,Routing algorithms such as Dijkstra's link-state and Bellman-Ford distance-vector establish optimum packet paths across interconnected autonomous system networks.,A firewall monitors and filters incoming and outgoing network traffic based on predefined security rules to block unauthorized access and malicious threats.,Different,0
146,SQL indexing creates data structures such as B-trees or hash tables on table columns to drastically speed up query retrieval performance at the cost of additional storage and write overhead.,SQL indexing creates data structures such as B-trees or hash tables on table columns to drastically speed up query retrieval performance at the cost of additional storage and write overhead.,Duplicate,2
10,"User Datagram Protocol is a connectionless transport protocol prioritizing low latency over reliability, frequently used in real-time video streaming, DNS lookups, and gaming.","User Datagram Protocol is a connectionless transport protocol prioritizing low latency over reliability, frequently used in real-time video streaming, DNS lookups, and gaming.",Duplicate,2
376,"Natural language processing allows computers to interpret, analyze, and manipulate human language using statistical models, rule-based heuristics, and deep learning transformers like BERT and GPT.","Natural language processing allows digital machines to interpret, analyze, and manipulate human language using statistical models, rule-based heuristics, and deep learning transformers like BERT and GPT. This concept is fundamental to modern computing systems.",Similar,1
524,"The OSI reference model defines network communication through seven conceptual layers: Physical, Data Link, Network, Transport, Session, Presentation, and Application.","Multi-factor authentication strengthens access control by requiring two or more independent credentials such as passwords, authenticator tokens, or biometrics.",Different,0
189,A firewall monitors and filters incoming and outgoing network traffic based on predefined security rules to block unauthorized access and malicious threats.,A firewall monitors and filters incoming and outgoing network traffic based on  predefined security rules to block unauthorized access and malicious threats.,Duplicate,2
132,"SQL injection occurs when untrusted user input is directly concatenated into SQL database queries, allowing attackers to manipulate queries and extract confidential data.","SQL injection occurs when untrusted user input is directly concatenated into SQL database queries, allowing attackers to manipulate queries and extract confidential data.",Duplicate,2
573,Public-key cryptography utilizes asymmetric key pairs consisting of a public key for encryption and a private mathematically linked key for decryption.,"Virtual memory uses paging and swapping mechanisms to combine physical RAM with secondary disk storage, allowing programs larger than physical memory to execute smoothly.",Different,0
299,Semaphores and mutex locks are synchronization primitives designed to prevent race conditions and enforce mutual exclusion in multithreaded concurrent systems.,Semaphores and mutex locks are synchronization primitives designed to prevent race conditions and enforce mutual exclusion in multithreaded concurrent systems. Industry adoption of this method has increased drastically.,Similar,1
587,Containerization packages application code together with its runtime dependencies into portable containers orchestrated at scale using tools like Docker and Kubernetes.,"Natural language processing allows computers to interpret, analyze, and manipulate human language using statistical models, rule-based heuristics, and deep learning transformers like BERT and GPT.",Different,0
447,Containerization packages application code together with its runtime dependencies into portable containers orchestrated at scale using tools like Docker and Kubernetes.,"User Datagram Protocol is a connectionless transport protocol prioritizing low latency over reliability, frequently used in real-time video streaming, DNS lookups, and gaming.",Different,0
85,"Natural language processing allows computers to interpret, analyze, and manipulate human language using statistical models, rule-based heuristics, and deep learning transformers like BERT and GPT.","Natural language processing allows computers to interpret, analyze, and manipulate human language using statistical models, rule-based heuristics, and deep learning transformers like BERT and GPT.",Duplicate,2
593,"Transmission Control Protocol provides connection-oriented, reliable, and ordered delivery of byte streams between networked hosts through three-way handshakes and flow control.","Cloud computing delivers computing services including servers, storage, databases, networking, and software over the internet with on-demand elasticity and pay-as-you-go pricing.",Different,0
178,Domain Name System translates human-friendly domain names like example.com into numerical IP addresses required for packet routing across the internet.,Domain Name System translates human-friendly domain names like  example.com into numerical IP addresses required for packet routing across the internet.,Duplicate,2
154,"Natural language processing allows computers to interpret, analyze, and manipulate human language using statistical models, rule-based heuristics, and deep learning transformers like BERT and GPT.","Natural language processing allows computers to interpret, analyze, and manipulate human language using statistical models, rule-based heuristics, and deep learning transformers like BERT and  GPT.",Duplicate,2
453,"NoSQL databases provide flexible schema designs and horizontal scalability for distributed data models, including document stores like MongoDB, key-value stores like Redis, and graph databases like Neo4j.",Containerization packages application code together with its runtime dependencies into portable containers orchestrated at scale using tools like Docker and Kubernetes.,Different,0
197,"Machine learning is a subset of artificial intelligence that focuses on building applications that learn from data and improve their accuracy over time without being explicitly programmed. Common algorithms include decision trees, neural networks, and support vector machines.","Machine learning is a subset of artificial intelligence that focuses on building applications that learn from data and improve their accuracy over time without being explicitly programmed. Common algorithms include decision trees, neural networks, and support vector machines.",Duplicate,2
76,"The OSI reference model defines network communication through seven conceptual layers: Physical, Data Link, Network, Transport, Session, Presentation, and Application.","The OSI reference model defines network communication through seven conceptual layers: Physical, Data Link, Network, Transport, Session, Presentation,  and Application.",Duplicate,2
93,"Cloud service models are categorized into Infrastructure as a Service, Platform as a Service, and Software as a Service depending on the degree of customer management.","Cloud service models are categorized into Infrastructure as a Service, Platform as a Service, and Software as a Service depending on the degree of customer management.",Duplicate,2
297,SQL indexing creates data structures such as B-trees or hash tables on table columns to drastically speed up query retrieval performance at the cost of additional storage and write overhead.,SQL indexing creates data structures such as B-trees or hash tables on table columns to drastically speed up query retrieval efficiency at the cost of additional memory capacity and write overhead. Extensive research continues to enhance its operational performance.,Similar,1
69,"Microservices architecture structures an enterprise application as a collection of loosely coupled, independently deployable services communicating via REST APIs or message brokers.","Microservices  architecture structures an enterprise application as a collection of loosely coupled, independently deployable services communicating via REST APIs or message brokers.",Duplicate,2
16,Convolutional Neural Networks are deep neural network architectures specifically designed for computer vision and image processing tasks. They use convolutional layers to extract spatial hierarchies of features from images.,Convolutional Neural Networks are deep neural network architectures specifically designed for computer vision and image processing tasks. They use convolutional layers to extract spatial hierarchies of features from images.,Duplicate,2
205,Containerization packages application code together with its runtime dependencies into portable containers orchestrated at scale using tools like Docker and Kubernetes.,Containerization packages application code together with its runtime dependencies into portable containers orchestrated at scale using tools like Docker and Kubernetes. Extensive research continues to enhance its operational performance.,Similar,1
159,"The OSI reference model defines network communication through seven conceptual layers: Physical, Data Link, Network, Transport, Session, Presentation, and Application.","The OSI reference model defines network communication through seven conceptual layers: Physical, Data Link, Network, Transport, Session, Presentation, and Application.",Duplicate,2
89,Convolutional Neural Networks are deep neural network architectures specifically designed for computer vision and image processing tasks. They use convolutional layers to extract spatial hierarchies of features from images.,Convolutional Neural  Networks are deep neural network architectures specifically designed for computer vision and image processing tasks. They use convolutional layers to extract spatial hierarchies of features from images.,Duplicate,2
498,"Machine learning is a subset of artificial intelligence that focuses on building applications that learn from data and improve their accuracy over time without being explicitly programmed. Common algorithms include decision trees, neural networks, and support vector machines.",A relational database management system organizes data into tables consisting of rows and columns with primary keys and foreign keys enforcing referential integrity.,Different,0
118,Deadlock occurs in concurrent programming when two or more processes are permanently blocked because each is waiting for a resource held by another process in a circular wait condition.,Deadlock occurs in concurrent programming when two or more processes are permanently blocked because each is waiting for a resource held by another process in a circular wait condition.,Duplicate,2
383,Containerization packages application code together with its runtime dependencies into portable containers orchestrated at scale using tools like Docker and Kubernetes.,Containerization packages application code together with its runtime dependencies into portable containers orchestrated at scale using tools like Docker and Kubernetes. This concept is fundamental to modern computing systems.,Similar,1
406,"Natural language processing allows computers to interpret, analyze, and manipulate human language using statistical models, rule-based heuristics, and deep learning transformers like BERT and GPT.",Domain Name System translates human-friendly domain names like example.com into numerical IP addresses required for packet routing across the internet.,Different,0
34,Semaphores and mutex locks are synchronization primitives designed to prevent race conditions and enforce mutual exclusion in multithreaded concurrent systems.,Semaphores and mutex locks are synchronization primitives designed to prevent race conditions and enforce mutual exclusion in multithreaded concurrent systems.,Duplicate,2
1,"Cloud computing delivers computing services including servers, storage, databases, networking, and software over the internet with on-demand elasticity and pay-as-you-go pricing.","Cloud computing delivers computing services including servers, storage, databases, networking, and software over the internet with on-demand elasticity and pay-as-you-go pricing.",Duplicate,2
594,"User Datagram Protocol is a connectionless transport protocol prioritizing low latency over reliability, frequently used in real-time video streaming, DNS lookups, and gaming.","Machine learning is a subset of artificial intelligence that focuses on building applications that learn from data and improve their accuracy over time without being explicitly programmed. Common algorithms include decision trees, neural networks, and support vector machines.",Different,0
532,Routing algorithms such as Dijkstra's link-state and Bellman-Ford distance-vector establish optimum packet paths across interconnected autonomous system networks.,"Database normalization is the systematic process of organizing fields and tables to minimize data redundancy and dependency anomalies, progressing through 1NF, 2NF, 3NF, and BCNF.",Different,0
354,"Transmission Control Protocol provides connection-oriented, reliable, and ordered delivery of byte streams between networked hosts through three-way handshakes and flow control.","Transmission Control Protocol provides connection-oriented, dependable and ordered delivery of byte streams between networked hosts through three-way handshakes and flow control. This concept is fundamental to modern computing systems.",Similar,1
333,"Natural language processing allows computers to interpret, analyze, and manipulate human language using statistical models, rule-based heuristics, and deep learning transformers like BERT and GPT.","Natural language processing allows digital machines to interpret, analyze, and manipulate human language using statistical models, rule-based heuristics, and deep learning transformers like BERT and GPT. Extensive research continues to enhance its operational performance.",Similar,1
535,"Virtual memory uses paging and swapping mechanisms to combine physical RAM with secondary disk storage, allowing programs larger than physical memory to execute smoothly.",A relational database management system organizes data into tables consisting of rows and columns with primary keys and foreign keys enforcing referential integrity.,Different,0
245,"Database normalization is the systematic process of organizing fields and tables to minimize data redundancy and dependency anomalies, progressing through 1NF, 2NF, 3NF, and BCNF.","Database normalization is the systematic process of organizing fields and tables to minimize data redundancy and dependency anomalies, progressing through 1NF, 2NF, 3NF, and BCNF. This concept is fundamental to modern computing systems.",Similar,1
23,Routing algorithms such as Dijkstra's link-state and Bellman-Ford distance-vector establish optimum packet paths across interconnected autonomous system networks.,Routing algorithms such as Dijkstra's link-state and Bellman-Ford distance-vector establish optimum packet paths across interconnected autonomous system networks.,Duplicate,2
441,"Transmission Control Protocol provides connection-oriented, reliable, and ordered delivery of byte streams between networked hosts through three-way handshakes and flow control.","Serverless computing allows developers to deploy event-driven functions without provisioning or managing underlying virtual servers, scaling automatically to zero when idle.",Different,0
117,Deadlock occurs in concurrent programming when two or more processes are permanently blocked because each is waiting for a resource held by another process in a circular wait condition.,Deadlock occurs in concurrent programming when two or more processes are permanently blocked because each is waiting for a resource held by another process in a circular wait condition.,Duplicate,2
90,"Database normalization is the systematic process of organizing fields and tables to minimize data redundancy and dependency anomalies, progressing through 1NF, 2NF, 3NF, and BCNF.","Database normalization is the systematic process of organizing fields and tables to minimize data redundancy and dependency anomalies, progressing through 1NF, 2NF, 3NF, and BCNF.",Duplicate,2
366,"Virtual memory uses paging and swapping mechanisms to combine physical RAM with secondary disk storage, allowing programs larger than physical memory to execute smoothly.",Virtual memory uses paging and swapping mechanisms to combine physical RAM with secondary disk memory capacity allowing software applications larger than physical memory to execute smoothly. Industry adoption of this method has increased drastically.,Similar,1
212,"Transmission Control Protocol provides connection-oriented, reliable, and ordered delivery of byte streams between networked hosts through three-way handshakes and flow control.","Transmission Control Protocol provides connection-oriented, dependable and ordered delivery of byte streams between networked hosts through three-way handshakes and flow control. Industry adoption of this method has increased drastically.",Similar,1
19,Semaphores and mutex locks are synchronization primitives designed to prevent race conditions and enforce mutual exclusion in multithreaded concurrent systems.,Semaphores and mutex locks are synchronization primitives designed to prevent race conditions and enforce mutual exclusion in multithreaded concurrent systems.,Duplicate,2
408,"Virtual memory uses paging and swapping mechanisms to combine physical RAM with secondary disk storage, allowing programs larger than physical memory to execute smoothly.",Public-key cryptography utilizes asymmetric key pairs consisting of a public key for encryption and a private mathematically linked key for decryption.,Different,0
321,Denial of Service and Distributed Denial of Service attacks attempt to disrupt the normal traffic of a targeted server by overwhelming it with a flood of malicious traffic.,Denial of Service and Distributed Denial of Service cyber intrusions attempt to disrupt the normal traffic of a targeted server by overwhelming it with a flood of malicious traffic. Industry adoption of this method has increased drastically.,Similar,1
145,"User Datagram Protocol is a connectionless transport protocol prioritizing low latency over reliability, frequently used in real-time video streaming, DNS lookups, and gaming.","User Datagram Protocol is a connectionless transport protocol prioritizing low latency over reliability, frequently used in real-time video streaming, DNS lookups, and gaming.",Duplicate,2
290,Denial of Service and Distributed Denial of Service attacks attempt to disrupt the normal traffic of a targeted server by overwhelming it with a flood of malicious traffic.,Denial of Service and Distributed Denial of Service cyber intrusions attempt to disrupt the normal traffic of a targeted server by overwhelming it with a flood of malicious traffic. This concept is fundamental to modern computing systems.,Similar,1
275,"ACID properties ensure database transaction reliability: Atomicity guarantees all-or-nothing execution, Consistency enforces constraints, Isolation separates concurrent transactions, and Durability ensures committed updates persist.","The ACID paradigm guarantees trustworthy transaction processing: Atomicity guarantees all-or-nothing execution, Consistency enforces constraints, Isolation separates concurrent transactions, and Durability ensures committed updates persist. Extensive research continues to enhance its operational performance.",Similar,1
542,"Cloud service models are categorized into Infrastructure as a Service, Platform as a Service, and Software as a Service depending on the degree of customer management.",A firewall monitors and filters incoming and outgoing network traffic based on predefined security rules to block unauthorized access and malicious threats.,Different,0
361,Convolutional Neural Networks are deep neural network architectures specifically designed for computer vision and image processing tasks. They use convolutional layers to extract spatial hierarchies of features from images.,Convolutional Neural Networks are deep neural network architectures tailored for digital image recognition and visual analysis and image processing operations They use convolutional layers to extract spatial hierarchies of features from images. Industry adoption of this method has increased drastically.,Similar,1
251,"Cloud service models are categorized into Infrastructure as a Service, Platform as a Service, and Software as a Service depending on the degree of customer management.","Cloud service models are categorized into Infrastructure as a Service, Platform as a Service, and Software as a Service depending on the degree of customer management. Industry adoption of this method has increased drastically.",Similar,1
288,"Serverless computing allows developers to deploy event-driven functions without provisioning or managing underlying virtual servers, scaling automatically to zero when idle.","Serverless computing allows software engineers to deploy event-driven functions without provisioning or managing underlying virtual servers, scaling automatically to zero when idle. This concept is fundamental to modern computing systems.",Similar,1
529,"Serverless computing allows developers to deploy event-driven functions without provisioning or managing underlying virtual servers, scaling automatically to zero when idle.",Semaphores and mutex locks are synchronization primitives designed to prevent race conditions and enforce mutual exclusion in multithreaded concurrent systems.,Different,0
401,"Virtual memory uses paging and swapping mechanisms to combine physical RAM with secondary disk storage, allowing programs larger than physical memory to execute smoothly.",Containerization packages application code together with its runtime dependencies into portable containers orchestrated at scale using tools like Docker and Kubernetes.,Different,0
168,"Multi-factor authentication strengthens access control by requiring two or more independent credentials such as passwords, authenticator tokens, or biometrics.","Multi-factor authentication strengthens access control  by requiring two or more independent credentials such as passwords, authenticator tokens, or biometrics.",Duplicate,2
55,Semaphores and mutex locks are synchronization primitives designed to prevent race conditions and enforce mutual exclusion in multithreaded concurrent systems.,Semaphores and mutex locks are synchronization primitives designed to prevent race conditions and enforce mutual exclusion in multithreaded concurrent systems.,Duplicate,2
494,Public-key cryptography utilizes asymmetric key pairs consisting of a public key for encryption and a private mathematically linked key for decryption.,"Process scheduling algorithms determine the order in which execution threads receive CPU time, including First-Come-First-Served, Shortest Job Next, Priority Scheduling, and Round Robin.",Different,0
47,"Multi-factor authentication strengthens access control by requiring two or more independent credentials such as passwords, authenticator tokens, or biometrics.","Multi-factor authentication strengthens access control by requiring two or more independent credentials such as passwords, authenticator tokens, or biometrics.",Duplicate,2
94,"User Datagram Protocol is a connectionless transport protocol prioritizing low latency over reliability, frequently used in real-time video streaming, DNS lookups, and gaming.","User Datagram Protocol is a connectionless transport protocol prioritizing low latency over reliability, frequently used in real-time video streaming, DNS lookups, and gaming.",Duplicate,2
265,"An operating system acts as an intermediary between computer hardware and user applications, providing process management, memory management, file systems, and device control.","An The OS serves as a software bridge between computer hardware and user applications, providing process management, memory management, file systems, and device control. Industry adoption of this method has increased drastically.",Similar,1
109,Denial of Service and Distributed Denial of Service attacks attempt to disrupt the normal traffic of a targeted server by overwhelming it with a flood of malicious traffic.,Denial of Service and Distributed Denial of Service attacks attempt to disrupt the normal traffic of a targeted server by overwhelming it with a flood of malicious traffic.,Duplicate,2
273,"User Datagram Protocol is a connectionless transport protocol prioritizing low latency over reliability, frequently used in real-time video streaming, DNS lookups, and gaming.","User Datagram Protocol is a connectionless transport protocol prioritizing low latency over reliability, frequently used in real-time video streaming, DNS lookups, and gaming. Extensive research continues to enhance its operational performance.",Similar,1
600,"Machine learning is a subset of artificial intelligence that focuses on building applications that learn from data and improve their accuracy over time without being explicitly programmed. Common algorithms include decision trees, neural networks, and support vector machines.",Semaphores and mutex locks are synchronization primitives designed to prevent race conditions and enforce mutual exclusion in multithreaded concurrent systems.,Different,0
480,Semaphores and mutex locks are synchronization primitives designed to prevent race conditions and enforce mutual exclusion in multithreaded concurrent systems.,"Database normalization is the systematic process of organizing fields and tables to minimize data redundancy and dependency anomalies, progressing through 1NF, 2NF, 3NF, and BCNF.",Different,0
437,"Transmission Control Protocol provides connection-oriented, reliable, and ordered delivery of byte streams between networked hosts through three-way handshakes and flow control.","Machine learning is a subset of artificial intelligence that focuses on building applications that learn from data and improve their accuracy over time without being explicitly programmed. Common algorithms include decision trees, neural networks, and support vector machines.",Different,0
384,"Cloud computing delivers computing services including servers, storage, databases, networking, and software over the internet with on-demand elasticity and pay-as-you-go pricing.","Cloud infrastructure provides on-demand computational capabilities including servers, memory capacity databases, networking, and software over the internet with on-demand elasticity and pay-as-you-go pricing. Extensive research continues to enhance its operational performance.",Similar,1
381,SQL indexing creates data structures such as B-trees or hash tables on table columns to drastically speed up query retrieval performance at the cost of additional storage and write overhead.,"SQL indexing creates data structures such as B-trees or hash tables on table columns to drastically speed up query retrieval efficiency at the cost of additional memory capacity and write overhead. In practical applications, this provides robust capabilities.",Similar,1
463,A relational database management system organizes data into tables consisting of rows and columns with primary keys and foreign keys enforcing referential integrity.,"An operating system acts as an intermediary between computer hardware and user applications, providing process management, memory management, file systems, and device control.",Different,0
395,Public-key cryptography utilizes asymmetric key pairs consisting of a public key for encryption and a private mathematically linked key for decryption.,Public-key cryptography utilizes asymmetric key pairs consisting of a public key for encryption and a private mathematically linked key for decryption. Industry adoption of this method has increased drastically.,Similar,1
266,"Multi-factor authentication strengthens access control by requiring two or more independent credentials such as passwords, authenticator tokens, or biometrics.","Multi-factor authentication strengthens access control by requiring two or more independent credentials such as passwords, authenticator tokens, or biometrics. In practical applications, this provides robust capabilities.",Similar,1
481,"NoSQL databases provide flexible schema designs and horizontal scalability for distributed data models, including document stores like MongoDB, key-value stores like Redis, and graph databases like Neo4j.","SQL injection occurs when untrusted user input is directly concatenated into SQL database queries, allowing attackers to manipulate queries and extract confidential data.",Different,0
518,"Natural language processing allows computers to interpret, analyze, and manipulate human language using statistical models, rule-based heuristics, and deep learning transformers like BERT and GPT.","NoSQL databases provide flexible schema designs and horizontal scalability for distributed data models, including document stores like MongoDB, key-value stores like Redis, and graph databases like Neo4j.",Different,0
70,Domain Name System translates human-friendly domain names like example.com into numerical IP addresses required for packet routing across the internet.,Domain Name System translates human-friendly domain names like example.com into numerical IP addresses required for packet routing across the internet.,Duplicate,2
232,"Cloud service models are categorized into Infrastructure as a Service, Platform as a Service, and Software as a Service depending on the degree of customer management.","Cloud service models are categorized into Infrastructure as a Service, Platform as a Service, and Software as a Service depending on the degree of customer management. Industry adoption of this method has increased drastically.",Similar,1
404,"Process scheduling algorithms determine the order in which execution threads receive CPU time, including First-Come-First-Served, Shortest Job Next, Priority Scheduling, and Round Robin.","Supervised learning algorithms are trained using labeled datasets where the desired output is known. Unsupervised learning models discover hidden patterns or groupings in unlabeled datasets, such as k-means clustering.",Different,0
279,"Process scheduling algorithms determine the order in which execution threads receive CPU time, including First-Come-First-Served, Shortest Job Next, Priority Scheduling, and Round Robin.","Process scheduling models determine the order in which execution threads receive CPU time, including First-Come-First-Served, Shortest Job Next, Priority Scheduling, and Round Robin. Industry adoption of this method has increased drastically.",Similar,1
473,Domain Name System translates human-friendly domain names like example.com into numerical IP addresses required for packet routing across the internet.,Deadlock occurs in concurrent programming when two or more processes are permanently blocked because each is waiting for a resource held by another process in a circular wait condition.,Different,0
351,"An operating system acts as an intermediary between computer hardware and user applications, providing process management, memory management, file systems, and device control.","An The OS serves as a software bridge between computer hardware and user applications, providing process management, memory management, file systems, and device control. Industry adoption of this method has increased drastically.",Similar,1
510,"Process scheduling algorithms determine the order in which execution threads receive CPU time, including First-Come-First-Served, Shortest Job Next, Priority Scheduling, and Round Robin.","NoSQL databases provide flexible schema designs and horizontal scalability for distributed data models, including document stores like MongoDB, key-value stores like Redis, and graph databases like Neo4j.",Different,0
150,Domain Name System translates human-friendly domain names like example.com into numerical IP addresses required for packet routing across the internet.,Domain Name System translates human-friendly domain names like example.com into numerical IP addresses required for packet routing  across the internet.,Duplicate,2
125,"User Datagram Protocol is a connectionless transport protocol prioritizing low latency over reliability, frequently used in real-time video streaming, DNS lookups, and gaming.","User Datagram Protocol is a connectionless transport protocol prioritizing low latency over reliability, frequently used in real-time video streaming, DNS lookups, and gaming.",Duplicate,2
429,"The OSI reference model defines network communication through seven conceptual layers: Physical, Data Link, Network, Transport, Session, Presentation, and Application.","Microservices architecture structures an enterprise application as a collection of loosely coupled, independently deployable services communicating via REST APIs or message brokers.",Different,0
466,"Microservices architecture structures an enterprise application as a collection of loosely coupled, independently deployable services communicating via REST APIs or message brokers.","Transmission Control Protocol provides connection-oriented, reliable, and ordered delivery of byte streams between networked hosts through three-way handshakes and flow control.",Different,0
186,Public-key cryptography utilizes asymmetric key pairs consisting of a public key for encryption and a private mathematically linked key for decryption.,Public-key cryptography utilizes asymmetric key pairs consisting of a public key for encryption  and a private mathematically linked key for decryption.,Duplicate,2
228,Public-key cryptography utilizes asymmetric key pairs consisting of a public key for encryption and a private mathematically linked key for decryption.,Public-key cryptography utilizes asymmetric key pairs consisting of a public key for encryption and a private mathematically linked key for decryption. This concept is fundamental to modern computing systems.,Similar,1
292,Denial of Service and Distributed Denial of Service attacks attempt to disrupt the normal traffic of a targeted server by overwhelming it with a flood of malicious traffic.,Denial of Service and Distributed Denial of Service cyber intrusions attempt to disrupt the normal traffic of a targeted server by overwhelming it with a flood of malicious traffic. Extensive research continues to enhance its operational performance.,Similar,1
248,Denial of Service and Distributed Denial of Service attacks attempt to disrupt the normal traffic of a targeted server by overwhelming it with a flood of malicious traffic.,"Denial of Service and Distributed Denial of Service cyber intrusions attempt to disrupt the normal traffic of a targeted server by overwhelming it with a flood of malicious traffic. In practical applications, this provides robust capabilities.",Similar,1
291,Domain Name System translates human-friendly domain names like example.com into numerical IP addresses required for packet routing across the internet.,"Domain Name System translates human-friendly domain names like example.com into numerical IP addresses required for packet routing across the internet. In practical applications, this provides robust capabilities.",Similar,1
250,Public-key cryptography utilizes asymmetric key pairs consisting of a public key for encryption and a private mathematically linked key for decryption.,Public-key cryptography utilizes asymmetric key pairs consisting of a public key for encryption and a private mathematically linked key for decryption. Extensive research continues to enhance its operational performance.,Similar,1
444,"Cloud computing delivers computing services including servers, storage, databases, networking, and software over the internet with on-demand elasticity and pay-as-you-go pricing.",Deadlock occurs in concurrent programming when two or more processes are permanently blocked because each is waiting for a resource held by another process in a circular wait condition.,Different,0
552,SQL indexing creates data structures such as B-trees or hash tables on table columns to drastically speed up query retrieval performance at the cost of additional storage and write overhead.,Routing algorithms such as Dijkstra's link-state and Bellman-Ford distance-vector establish optimum packet paths across interconnected autonomous system networks.,Different,0
553,Deadlock occurs in concurrent programming when two or more processes are permanently blocked because each is waiting for a resource held by another process in a circular wait condition.,"Database normalization is the systematic process of organizing fields and tables to minimize data redundancy and dependency anomalies, progressing through 1NF, 2NF, 3NF, and BCNF.",Different,0
551,Public-key cryptography utilizes asymmetric key pairs consisting of a public key for encryption and a private mathematically linked key for decryption.,Reinforcement learning is an area of machine learning concerning how intelligent agents ought to take actions in an environment in order to maximize cumulative reward through exploration and exploitation.,Different,0
115,"The OSI reference model defines network communication through seven conceptual layers: Physical, Data Link, Network, Transport, Session, Presentation, and Application.","The OSI reference model defines network communication through seven conceptual layers: Physical, Data Link, Network, Transport, Session, Presentation, and Application.",Duplicate,2
204,SQL indexing creates data structures such as B-trees or hash tables on table columns to drastically speed up query retrieval performance at the cost of additional storage and write overhead.,"SQL indexing creates data structures such as B-trees or hash tables on table columns to drastically speed up query retrieval efficiency at the cost of additional memory capacity and write overhead. In practical applications, this provides robust capabilities.",Similar,1
142,"An operating system acts as an intermediary between computer hardware and user applications, providing process management, memory management, file systems, and device control.","An operating system  acts as an intermediary between computer hardware and user applications, providing process management, memory management, file systems, and device control.",Duplicate,2
339,Semaphores and mutex locks are synchronization primitives designed to prevent race conditions and enforce mutual exclusion in multithreaded concurrent systems.,Semaphores and mutex locks are synchronization primitives designed to prevent race conditions and enforce mutual exclusion in multithreaded concurrent systems. Extensive research continues to enhance its operational performance.,Similar,1
8,Domain Name System translates human-friendly domain names like example.com into numerical IP addresses required for packet routing across the internet.,Domain Name System translates human-friendly domain names like example.com into numerical IP addresses required for packet routing across the internet.,Duplicate,2
522,Convolutional Neural Networks are deep neural network architectures specifically designed for computer vision and image processing tasks. They use convolutional layers to extract spatial hierarchies of features from images.,"Serverless computing allows developers to deploy event-driven functions without provisioning or managing underlying virtual servers, scaling automatically to zero when idle.",Different,0
20,Denial of Service and Distributed Denial of Service attacks attempt to disrupt the normal traffic of a targeted server by overwhelming it with a flood of malicious traffic.,Denial of Service and Distributed Denial of Service attacks attempt to disrupt the normal traffic of a targeted server by overwhelming it with a flood of malicious traffic.,Duplicate,2
173,"Multi-factor authentication strengthens access control by requiring two or more independent credentials such as passwords, authenticator tokens, or biometrics.","Multi-factor authentication  strengthens access control by requiring two or more independent credentials such as passwords, authenticator tokens, or biometrics.",Duplicate,2
452,"Multi-factor authentication strengthens access control by requiring two or more independent credentials such as passwords, authenticator tokens, or biometrics.",A relational database management system organizes data into tables consisting of rows and columns with primary keys and foreign keys enforcing referential integrity.,Different,0
57,"Cloud service models are categorized into Infrastructure as a Service, Platform as a Service, and Software as a Service depending on the degree of customer management.","Cloud service models are categorized into Infrastructure as a Service, Platform as a Service, and Software as a Service depending on the  degree of customer management.",Duplicate,2
302,SQL indexing creates data structures such as B-trees or hash tables on table columns to drastically speed up query retrieval performance at the cost of additional storage and write overhead.,"SQL indexing creates data structures such as B-trees or hash tables on table columns to drastically speed up query retrieval efficiency at the cost of additional memory capacity and write overhead. In practical applications, this provides robust capabilities.",Similar,1
337,"Serverless computing allows developers to deploy event-driven functions without provisioning or managing underlying virtual servers, scaling automatically to zero when idle.","Serverless computing allows software engineers to deploy event-driven functions without provisioning or managing underlying virtual servers, scaling automatically to zero when idle. Industry adoption of this method has increased drastically.",Similar,1
451,"Virtual memory uses paging and swapping mechanisms to combine physical RAM with secondary disk storage, allowing programs larger than physical memory to execute smoothly.",Routing algorithms such as Dijkstra's link-state and Bellman-Ford distance-vector establish optimum packet paths across interconnected autonomous system networks.,Different,0
323,Deadlock occurs in concurrent programming when two or more processes are permanently blocked because each is waiting for a resource held by another process in a circular wait condition.,A deadlock situation arises during multithreading when two or more processes are permanently blocked because each is waiting for a resource held by another process in a circular wait condition. This concept is fundamental to modern computing systems.,Similar,1
311,Domain Name System translates human-friendly domain names like example.com into numerical IP addresses required for packet routing across the internet.,Domain Name System translates human-friendly domain names like example.com into numerical IP addresses required for packet routing across the internet. This concept is fundamental to modern computing systems.,Similar,1
50,Convolutional Neural Networks are deep neural network architectures specifically designed for computer vision and image processing tasks. They use convolutional layers to extract spatial hierarchies of features from images.,Convolutional Neural Networks are deep neural network architectures specifically designed for computer vision and image processing tasks. They use convolutional layers to extract spatial hierarchies of features from  images.,Duplicate,2
345,Routing algorithms such as Dijkstra's link-state and Bellman-Ford distance-vector establish optimum packet paths across interconnected autonomous system networks.,Routing models such as Dijkstra's link-state and Bellman-Ford distance-vector establish optimum packet paths across interconnected autonomous system networks. Extensive research continues to enhance its operational performance.,Similar,1
26,"SQL injection occurs when untrusted user input is directly concatenated into SQL database queries, allowing attackers to manipulate queries and extract confidential data.","SQL injection occurs when untrusted user input is directly concatenated into SQL database queries, allowing attackers to manipulate queries and extract confidential data.",Duplicate,2
443,"Natural language processing allows computers to interpret, analyze, and manipulate human language using statistical models, rule-based heuristics, and deep learning transformers like BERT and GPT.",Deadlock occurs in concurrent programming when two or more processes are permanently blocked because each is waiting for a resource held by another process in a circular wait condition.,Different,0
221,Deadlock occurs in concurrent programming when two or more processes are permanently blocked because each is waiting for a resource held by another process in a circular wait condition.,"A deadlock situation arises during multithreading when two or more processes are permanently blocked because each is waiting for a resource held by another process in a circular wait condition. In practical applications, this provides robust capabilities.",Similar,1
484,"An operating system acts as an intermediary between computer hardware and user applications, providing process management, memory management, file systems, and device control.","Database normalization is the systematic process of organizing fields and tables to minimize data redundancy and dependency anomalies, progressing through 1NF, 2NF, 3NF, and BCNF.",Different,0
541,Containerization packages application code together with its runtime dependencies into portable containers orchestrated at scale using tools like Docker and Kubernetes.,"An operating system acts as an intermediary between computer hardware and user applications, providing process management, memory management, file systems, and device control.",Different,0
43,"Multi-factor authentication strengthens access control by requiring two or more independent credentials such as passwords, authenticator tokens, or biometrics.","Multi-factor authentication strengthens access control by requiring two or more independent credentials such as passwords,  authenticator tokens, or biometrics.",Duplicate,2
417,"Serverless computing allows developers to deploy event-driven functions without provisioning or managing underlying virtual servers, scaling automatically to zero when idle.",Convolutional Neural Networks are deep neural network architectures specifically designed for computer vision and image processing tasks. They use convolutional layers to extract spatial hierarchies of features from images.,Different,0
262,SQL indexing creates data structures such as B-trees or hash tables on table columns to drastically speed up query retrieval performance at the cost of additional storage and write overhead.,SQL indexing creates data structures such as B-trees or hash tables on table columns to drastically speed up query retrieval efficiency at the cost of additional memory capacity and write overhead. Extensive research continues to enhance its operational performance.,Similar,1
409,"SQL injection occurs when untrusted user input is directly concatenated into SQL database queries, allowing attackers to manipulate queries and extract confidential data.","NoSQL databases provide flexible schema designs and horizontal scalability for distributed data models, including document stores like MongoDB, key-value stores like Redis, and graph databases like Neo4j.",Different,0
278,"The OSI reference model defines network communication through seven conceptual layers: Physical, Data Link, Network, Transport, Session, Presentation, and Application.","The The 7-layer OSI model formalizes telecommunication protocols through seven conceptual layers: Physical, Data Link, Network, Transport, Session, Presentation, and Application. In practical applications, this provides robust capabilities.",Similar,1
570,Routing algorithms such as Dijkstra's link-state and Bellman-Ford distance-vector establish optimum packet paths across interconnected autonomous system networks.,"Serverless computing allows developers to deploy event-driven functions without provisioning or managing underlying virtual servers, scaling automatically to zero when idle.",Different,0
382,"Supervised learning algorithms are trained using labeled datasets where the desired output is known. Unsupervised learning models discover hidden patterns or groupings in unlabeled datasets, such as k-means clustering.","Supervised approaches utilize annotated data sets with known ground truth where the desired output is known. Unsupervised methods detect latent groupings or groupings in unlabeled datasets, such as k-means clustering. Industry adoption of this method has increased drastically.",Similar,1
412,A relational database management system organizes data into tables consisting of rows and columns with primary keys and foreign keys enforcing referential integrity.,"Supervised learning algorithms are trained using labeled datasets where the desired output is known. Unsupervised learning models discover hidden patterns or groupings in unlabeled datasets, such as k-means clustering.",Different,0
155,"User Datagram Protocol is a connectionless transport protocol prioritizing low latency over reliability, frequently used in real-time video streaming, DNS lookups, and gaming.","User Datagram Protocol is a connectionless transport protocol prioritizing low latency over reliability, frequently used in real-time video streaming, DNS lookups, and gaming.",Duplicate,2
127,Routing algorithms such as Dijkstra's link-state and Bellman-Ford distance-vector establish optimum packet paths across interconnected autonomous system networks.,Routing algorithms such as Dijkstra's link-state and Bellman-Ford distance-vector establish optimum packet paths across interconnected autonomous system networks.,Duplicate,2
310,A firewall monitors and filters incoming and outgoing network traffic based on predefined security rules to block unauthorized access and malicious threats.,"A firewall monitors and filters incoming and outgoing network traffic based on predefined security rules to block unauthorized access and malicious threats. In practical applications, this provides robust capabilities.",Similar,1
520,Semaphores and mutex locks are synchronization primitives designed to prevent race conditions and enforce mutual exclusion in multithreaded concurrent systems.,"Cloud computing delivers computing services including servers, storage, databases, networking, and software over the internet with on-demand elasticity and pay-as-you-go pricing.",Different,0
446,A firewall monitors and filters incoming and outgoing network traffic based on predefined security rules to block unauthorized access and malicious threats.,Routing algorithms such as Dijkstra's link-state and Bellman-Ford distance-vector establish optimum packet paths across interconnected autonomous system networks.,Different,0
175,"Cloud service models are categorized into Infrastructure as a Service, Platform as a Service, and Software as a Service depending on the degree of customer management.","Cloud service models are categorized into Infrastructure as a Service, Platform as a Service, and Software as a Service depending on the degree of customer management.",Duplicate,2
32,Domain Name System translates human-friendly domain names like example.com into numerical IP addresses required for packet routing across the internet.,Domain Name System translates human-friendly domain names like example.com into numerical IP addresses required for packet routing across  the internet.,Duplicate,2
114,A relational database management system organizes data into tables consisting of rows and columns with primary keys and foreign keys enforcing referential integrity.,A relational database management system organizes data into tables consisting of rows and columns with primary keys and foreign keys enforcing referential integrity.,Duplicate,2
24,Convolutional Neural Networks are deep neural network architectures specifically designed for computer vision and image processing tasks. They use convolutional layers to extract spatial hierarchies of features from images.,Convolutional Neural Networks are deep neural network architectures specifically designed for computer vision and image processing tasks. They use convolutional layers to extract spatial hierarchies of features from images.,Duplicate,2
174,"Multi-factor authentication strengthens access control by requiring two or more independent credentials such as passwords, authenticator tokens, or biometrics.","Multi-factor authentication strengthens access control by requiring two or more independent credentials such as passwords, authenticator tokens, or biometrics.",Duplicate,2
558,"User Datagram Protocol is a connectionless transport protocol prioritizing low latency over reliability, frequently used in real-time video streaming, DNS lookups, and gaming.",A firewall monitors and filters incoming and outgoing network traffic based on predefined security rules to block unauthorized access and malicious threats.,Different,0
67,"ACID properties ensure database transaction reliability: Atomicity guarantees all-or-nothing execution, Consistency enforces constraints, Isolation separates concurrent transactions, and Durability ensures committed updates persist.","ACID properties ensure database transaction reliability: Atomicity guarantees all-or-nothing execution, Consistency enforces constraints, Isolation separates concurrent transactions, and Durability ensures committed updates persist.",Duplicate,2
58,"Multi-factor authentication strengthens access control by requiring two or more independent credentials such as passwords, authenticator tokens, or biometrics.","Multi-factor authentication strengthens access control by requiring two or more independent credentials such as passwords, authenticator tokens, or biometrics.",Duplicate,2
322,Routing algorithms such as Dijkstra's link-state and Bellman-Ford distance-vector establish optimum packet paths across interconnected autonomous system networks.,Routing models such as Dijkstra's link-state and Bellman-Ford distance-vector establish optimum packet paths across interconnected autonomous system networks. Extensive research continues to enhance its operational performance.,Similar,1
223,"ACID properties ensure database transaction reliability: Atomicity guarantees all-or-nothing execution, Consistency enforces constraints, Isolation separates concurrent transactions, and Durability ensures committed updates persist.","The ACID paradigm guarantees trustworthy transaction processing: Atomicity guarantees all-or-nothing execution, Consistency enforces constraints, Isolation separates concurrent transactions, and Durability ensures committed updates persist. Extensive research continues to enhance its operational performance.",Similar,1
18,SQL indexing creates data structures such as B-trees or hash tables on table columns to drastically speed up query retrieval performance at the cost of additional storage and write overhead.,SQL indexing creates data structures such as B-trees or hash tables on table columns to drastically speed up query retrieval performance at the cost  of additional storage and write overhead.,Duplicate,2
300,"An operating system acts as an intermediary between computer hardware and user applications, providing process management, memory management, file systems, and device control.","An The OS serves as a software bridge between computer hardware and user applications, providing process management, memory management, file systems, and device control. Extensive research continues to enhance its operational performance.",Similar,1
256,"Serverless computing allows developers to deploy event-driven functions without provisioning or managing underlying virtual servers, scaling automatically to zero when idle.","Serverless computing allows software engineers to deploy event-driven functions without provisioning or managing underlying virtual servers, scaling automatically to zero when idle. Extensive research continues to enhance its operational performance.",Similar,1
306,"Cloud computing delivers computing services including servers, storage, databases, networking, and software over the internet with on-demand elasticity and pay-as-you-go pricing.","Cloud infrastructure provides on-demand computational capabilities including servers, memory capacity databases, networking, and software over the internet with on-demand elasticity and pay-as-you-go pricing. In practical applications, this provides robust capabilities.",Similar,1
574,"Natural language processing allows computers to interpret, analyze, and manipulate human language using statistical models, rule-based heuristics, and deep learning transformers like BERT and GPT.","NoSQL databases provide flexible schema designs and horizontal scalability for distributed data models, including document stores like MongoDB, key-value stores like Redis, and graph databases like Neo4j.",Different,0
191,"Database normalization is the systematic process of organizing fields and tables to minimize data redundancy and dependency anomalies, progressing through 1NF, 2NF, 3NF, and BCNF.","Database normalization is the systematic process of organizing fields and tables to minimize data redundancy and dependency anomalies, progressing through 1NF, 2NF, 3NF, and BCNF.",Duplicate,2
319,"NoSQL databases provide flexible schema designs and horizontal scalability for distributed data models, including document stores like MongoDB, key-value stores like Redis, and graph databases like Neo4j.","NoSQL databases provide flexible schema designs and horizontal scalability for distributed data models, including document stores like MongoDB, key-value stores like Redis, and graph databases like Neo4j. In practical applications, this provides robust capabilities.",Similar,1
528,"Serverless computing allows developers to deploy event-driven functions without provisioning or managing underlying virtual servers, scaling automatically to zero when idle.",Semaphores and mutex locks are synchronization primitives designed to prevent race conditions and enforce mutual exclusion in multithreaded concurrent systems.,Different,0
272,"Virtual memory uses paging and swapping mechanisms to combine physical RAM with secondary disk storage, allowing programs larger than physical memory to execute smoothly.",Virtual memory uses paging and swapping mechanisms to combine physical RAM with secondary disk memory capacity allowing software applications larger than physical memory to execute smoothly. Industry adoption of this method has increased drastically.,Similar,1
95,Denial of Service and Distributed Denial of Service attacks attempt to disrupt the normal traffic of a targeted server by overwhelming it with a flood of malicious traffic.,Denial of Service and Distributed Denial of Service attacks attempt to disrupt the normal traffic of a targeted server  by overwhelming it with a flood of malicious traffic.,Duplicate,2
181,"Machine learning is a subset of artificial intelligence that focuses on building applications that learn from data and improve their accuracy over time without being explicitly programmed. Common algorithms include decision trees, neural networks, and support vector machines.","Machine learning is a subset of artificial intelligence that focuses on building applications that learn from data and improve their accuracy over time without being explicitly programmed. Common algorithms include decision trees, neural networks, and support vector machines.",Duplicate,2
332,A firewall monitors and filters incoming and outgoing network traffic based on predefined security rules to block unauthorized access and malicious threats.,A firewall monitors and filters incoming and outgoing network traffic based on predefined security rules to block unauthorized access and malicious threats. Extensive research continues to enhance its operational performance.,Similar,1
329,"Cloud service models are categorized into Infrastructure as a Service, Platform as a Service, and Software as a Service depending on the degree of customer management.","Cloud service models are categorized into Infrastructure as a Service, Platform as a Service, and Software as a Service depending on the degree of customer management. Industry adoption of this method has increased drastically.",Similar,1
312,"Database normalization is the systematic process of organizing fields and tables to minimize data redundancy and dependency anomalies, progressing through 1NF, 2NF, 3NF, and BCNF.","Database normalization is the systematic process of organizing fields and tables to minimize data redundancy and dependency anomalies, progressing through 1NF, 2NF, 3NF, and BCNF. This concept is fundamental to modern computing systems.",Similar,1
6,"Supervised learning algorithms are trained using labeled datasets where the desired output is known. Unsupervised learning models discover hidden patterns or groupings in unlabeled datasets, such as k-means clustering.","Supervised learning algorithms are trained using labeled datasets where the desired output is known. Unsupervised learning models discover hidden patterns or groupings in unlabeled datasets, such as k-means clustering.",Duplicate,2
46,SQL indexing creates data structures such as B-trees or hash tables on table columns to drastically speed up query retrieval performance at the cost of additional storage and write overhead.,SQL indexing creates data structures such as B-trees or hash tables on table columns  to drastically speed up query retrieval performance at the cost of additional storage and write overhead.,Duplicate,2
399,"Microservices architecture structures an enterprise application as a collection of loosely coupled, independently deployable services communicating via REST APIs or message brokers.","Microservices architecture structures an enterprise application as a collection of loosely coupled, independently deployable utilities communicating via REST APIs or message brokers. Extensive research continues to enhance its operational performance.",Similar,1
577,"NoSQL databases provide flexible schema designs and horizontal scalability for distributed data models, including document stores like MongoDB, key-value stores like Redis, and graph databases like Neo4j.","Machine learning is a subset of artificial intelligence that focuses on building applications that learn from data and improve their accuracy over time without being explicitly programmed. Common algorithms include decision trees, neural networks, and support vector machines.",Different,0
469,"Cloud service models are categorized into Infrastructure as a Service, Platform as a Service, and Software as a Service depending on the degree of customer management.",SQL indexing creates data structures such as B-trees or hash tables on table columns to drastically speed up query retrieval performance at the cost of additional storage and write overhead.,Different,0
17,"Process scheduling algorithms determine the order in which execution threads receive CPU time, including First-Come-First-Served, Shortest Job Next, Priority Scheduling, and Round Robin.","Process scheduling algorithms determine the order in which execution threads receive CPU time, including First-Come-First-Served, Shortest Job Next, Priority Scheduling,  and Round Robin.",Duplicate,2
49,Reinforcement learning is an area of machine learning concerning how intelligent agents ought to take actions in an environment in order to maximize cumulative reward through exploration and exploitation.,Reinforcement learning is an area of machine learning concerning how intelligent agents ought to take actions in an environment in order to maximize cumulative reward through exploration and exploitation.,Duplicate,2
580,"ACID properties ensure database transaction reliability: Atomicity guarantees all-or-nothing execution, Consistency enforces constraints, Isolation separates concurrent transactions, and Durability ensures committed updates persist.","Process scheduling algorithms determine the order in which execution threads receive CPU time, including First-Come-First-Served, Shortest Job Next, Priority Scheduling, and Round Robin.",Different,0
488,"User Datagram Protocol is a connectionless transport protocol prioritizing low latency over reliability, frequently used in real-time video streaming, DNS lookups, and gaming.","An operating system acts as an intermediary between computer hardware and user applications, providing process management, memory management, file systems, and device control.",Different,0
4,"Natural language processing allows computers to interpret, analyze, and manipulate human language using statistical models, rule-based heuristics, and deep learning transformers like BERT and GPT.","Natural language processing allows computers to interpret, analyze, and manipulate human language using statistical models, rule-based heuristics, and  deep learning transformers like BERT and GPT.",Duplicate,2
487,"Cloud service models are categorized into Infrastructure as a Service, Platform as a Service, and Software as a Service depending on the degree of customer management.",Deadlock occurs in concurrent programming when two or more processes are permanently blocked because each is waiting for a resource held by another process in a circular wait condition.,Different,0
439,Denial of Service and Distributed Denial of Service attacks attempt to disrupt the normal traffic of a targeted server by overwhelming it with a flood of malicious traffic.,Deadlock occurs in concurrent programming when two or more processes are permanently blocked because each is waiting for a resource held by another process in a circular wait condition.,Different,0
363,Containerization packages application code together with its runtime dependencies into portable containers orchestrated at scale using tools like Docker and Kubernetes.,Containerization packages application code together with its runtime dependencies into portable containers orchestrated at scale using tools like Docker and Kubernetes. This concept is fundamental to modern computing systems.,Similar,1
434,"The OSI reference model defines network communication through seven conceptual layers: Physical, Data Link, Network, Transport, Session, Presentation, and Application.",Public-key cryptography utilizes asymmetric key pairs consisting of a public key for encryption and a private mathematically linked key for decryption.,Different,0
303,"The OSI reference model defines network communication through seven conceptual layers: Physical, Data Link, Network, Transport, Session, Presentation, and Application.","The The 7-layer OSI model formalizes telecommunication protocols through seven conceptual layers: Physical, Data Link, Network, Transport, Session, Presentation, and Application. In practical applications, this provides robust capabilities.",Similar,1
226,Semaphores and mutex locks are synchronization primitives designed to prevent race conditions and enforce mutual exclusion in multithreaded concurrent systems.,Semaphores and mutex locks are synchronization primitives designed to prevent race conditions and enforce mutual exclusion in multithreaded concurrent systems. This concept is fundamental to modern computing systems.,Similar,1
27,"Natural language processing allows computers to interpret, analyze, and manipulate human language using statistical models, rule-based heuristics, and deep learning transformers like BERT and GPT.","Natural language processing allows computers to interpret, analyze, and manipulate human language using statistical models, rule-based heuristics, and deep learning transformers like BERT and GPT.",Duplicate,2
425,A firewall monitors and filters incoming and outgoing network traffic based on predefined security rules to block unauthorized access and malicious threats.,Convolutional Neural Networks are deep neural network architectures specifically designed for computer vision and image processing tasks. They use convolutional layers to extract spatial hierarchies of features from images.,Different,0
264,"Database normalization is the systematic process of organizing fields and tables to minimize data redundancy and dependency anomalies, progressing through 1NF, 2NF, 3NF, and BCNF.","Database normalization is the systematic process of organizing fields and tables to minimize data redundancy and dependency anomalies, progressing through 1NF, 2NF, 3NF, and BCNF. Industry adoption of this method has increased drastically.",Similar,1
51,"Natural language processing allows computers to interpret, analyze, and manipulate human language using statistical models, rule-based heuristics, and deep learning transformers like BERT and GPT.","Natural language processing allows computers to interpret, analyze, and manipulate human language using statistical models, rule-based heuristics, and deep learning transformers like BERT and GPT.",Duplicate,2
230,"NoSQL databases provide flexible schema designs and horizontal scalability for distributed data models, including document stores like MongoDB, key-value stores like Redis, and graph databases like Neo4j.","NoSQL databases provide flexible schema designs and horizontal scalability for distributed data models, including document stores like MongoDB, key-value stores like Redis, and graph databases like Neo4j. Industry adoption of this method has increased drastically.",Similar,1
38,A firewall monitors and filters incoming and outgoing network traffic based on predefined security rules to block unauthorized access and malicious threats.,A firewall monitors and filters incoming and outgoing network traffic based on predefined security rules to block unauthorized access and malicious threats.,Duplicate,2
158,"Cloud computing delivers computing services including servers, storage, databases, networking, and software over the internet with on-demand elasticity and pay-as-you-go pricing.","Cloud computing delivers computing services including servers, storage, databases, networking, and software over the internet with on-demand  elasticity and pay-as-you-go pricing.",Duplicate,2
238,"Multi-factor authentication strengthens access control by requiring two or more independent credentials such as passwords, authenticator tokens, or biometrics.","Multi-factor authentication strengthens access control by requiring two or more independent credentials such as passwords, authenticator tokens, or biometrics. This concept is fundamental to modern computing systems.",Similar,1
575,"The OSI reference model defines network communication through seven conceptual layers: Physical, Data Link, Network, Transport, Session, Presentation, and Application.","Serverless computing allows developers to deploy event-driven functions without provisioning or managing underlying virtual servers, scaling automatically to zero when idle.",Different,0
176,"Natural language processing allows computers to interpret, analyze, and manipulate human language using statistical models, rule-based heuristics, and deep learning transformers like BERT and GPT.","Natural language processing allows computers to interpret, analyze, and manipulate human language using statistical models, rule-based heuristics, and deep learning transformers like BERT and GPT.",Duplicate,2
515,A relational database management system organizes data into tables consisting of rows and columns with primary keys and foreign keys enforcing referential integrity.,"Supervised learning algorithms are trained using labeled datasets where the desired output is known. Unsupervised learning models discover hidden patterns or groupings in unlabeled datasets, such as k-means clustering.",Different,0
358,Containerization packages application code together with its runtime dependencies into portable containers orchestrated at scale using tools like Docker and Kubernetes.,Containerization packages application code together with its runtime dependencies into portable containers orchestrated at scale using tools like Docker and Kubernetes. Extensive research continues to enhance its operational performance.,Similar,1
195,"Transmission Control Protocol provides connection-oriented, reliable, and ordered delivery of byte streams between networked hosts through three-way handshakes and flow control.","Transmission Control Protocol provides connection-oriented, reliable, and ordered delivery of byte streams between networked hosts through three-way handshakes and flow control.",Duplicate,2
504,"Supervised learning algorithms are trained using labeled datasets where the desired output is known. Unsupervised learning models discover hidden patterns or groupings in unlabeled datasets, such as k-means clustering.","Virtual memory uses paging and swapping mechanisms to combine physical RAM with secondary disk storage, allowing programs larger than physical memory to execute smoothly.",Different,0
579,"Process scheduling algorithms determine the order in which execution threads receive CPU time, including First-Come-First-Served, Shortest Job Next, Priority Scheduling, and Round Robin.",A relational database management system organizes data into tables consisting of rows and columns with primary keys and foreign keys enforcing referential integrity.,Different,0
512,"Cloud service models are categorized into Infrastructure as a Service, Platform as a Service, and Software as a Service depending on the degree of customer management.","Database normalization is the systematic process of organizing fields and tables to minimize data redundancy and dependency anomalies, progressing through 1NF, 2NF, 3NF, and BCNF.",Different,0
68,"Microservices architecture structures an enterprise application as a collection of loosely coupled, independently deployable services communicating via REST APIs or message brokers.","Microservices architecture structures an enterprise application as a collection of loosely coupled, independently deployable services communicating via REST APIs or message brokers.",Duplicate,2
320,Routing algorithms such as Dijkstra's link-state and Bellman-Ford distance-vector establish optimum packet paths across interconnected autonomous system networks.,"Routing models such as Dijkstra's link-state and Bellman-Ford distance-vector establish optimum packet paths across interconnected autonomous system networks. In practical applications, this provides robust capabilities.",Similar,1
169,"User Datagram Protocol is a connectionless transport protocol prioritizing low latency over reliability, frequently used in real-time video streaming, DNS lookups, and gaming.","User Datagram Protocol is a connectionless transport protocol prioritizing low latency over reliability, frequently used in real-time video streaming, DNS lookups, and gaming.",Duplicate,2
368,SQL indexing creates data structures such as B-trees or hash tables on table columns to drastically speed up query retrieval performance at the cost of additional storage and write overhead.,SQL indexing creates data structures such as B-trees or hash tables on table columns to drastically speed up query retrieval efficiency at the cost of additional memory capacity and write overhead. Industry adoption of this method has increased drastically.,Similar,1
163,"An operating system acts as an intermediary between computer hardware and user applications, providing process management, memory management, file systems, and device control.","An operating system acts as an intermediary between computer hardware and user applications, providing process management, memory management, file systems, and  device control.",Duplicate,2
194,SQL indexing creates data structures such as B-trees or hash tables on table columns to drastically speed up query retrieval performance at the cost of additional storage and write overhead.,SQL indexing creates data structures such as B-trees or hash tables on table columns to drastically speed up query retrieval performance at the cost of additional storage and write overhead.,Duplicate,2
153,"Multi-factor authentication strengthens access control by requiring two or more independent credentials such as passwords, authenticator tokens, or biometrics.","Multi-factor authentication strengthens access control by requiring two or more independent credentials such as passwords, authenticator tokens, or biometrics.",Duplicate,2
502,"Serverless computing allows developers to deploy event-driven functions without provisioning or managing underlying virtual servers, scaling automatically to zero when idle.",A relational database management system organizes data into tables consisting of rows and columns with primary keys and foreign keys enforcing referential integrity.,Different,0
347,"The OSI reference model defines network communication through seven conceptual layers: Physical, Data Link, Network, Transport, Session, Presentation, and Application.","The The 7-layer OSI model formalizes telecommunication protocols through seven conceptual layers: Physical, Data Link, Network, Transport, Session, Presentation, and Application. Industry adoption of this method has increased drastically.",Similar,1
486,"Database normalization is the systematic process of organizing fields and tables to minimize data redundancy and dependency anomalies, progressing through 1NF, 2NF, 3NF, and BCNF.","Microservices architecture structures an enterprise application as a collection of loosely coupled, independently deployable services communicating via REST APIs or message brokers.",Different,0
334,"Process scheduling algorithms determine the order in which execution threads receive CPU time, including First-Come-First-Served, Shortest Job Next, Priority Scheduling, and Round Robin.","Process scheduling models determine the order in which execution threads receive CPU time, including First-Come-First-Served, Shortest Job Next, Priority Scheduling, and Round Robin. Extensive research continues to enhance its operational performance.",Similar,1
104,"An operating system acts as an intermediary between computer hardware and user applications, providing process management, memory management, file systems, and device control.","An operating system acts  as an intermediary between computer hardware and user applications, providing process management, memory management, file systems, and device control.",Duplicate,2
391,"Natural language processing allows computers to interpret, analyze, and manipulate human language using statistical models, rule-based heuristics, and deep learning transformers like BERT and GPT.","Natural language processing allows digital machines to interpret, analyze, and manipulate human language using statistical models, rule-based heuristics, and deep learning transformers like BERT and GPT. In practical applications, this provides robust capabilities.",Similar,1
75,Convolutional Neural Networks are deep neural network architectures specifically designed for computer vision and image processing tasks. They use convolutional layers to extract spatial hierarchies of features from images.,Convolutional Neural Networks are deep neural network architectures specifically designed for computer vision and image processing tasks. They use convolutional layers to extract spatial hierarchies of features from images.,Duplicate,2
423,Public-key cryptography utilizes asymmetric key pairs consisting of a public key for encryption and a private mathematically linked key for decryption.,Routing algorithms such as Dijkstra's link-state and Bellman-Ford distance-vector establish optimum packet paths across interconnected autonomous system networks.,Different,0
578,"Cloud service models are categorized into Infrastructure as a Service, Platform as a Service, and Software as a Service depending on the degree of customer management.","SQL injection occurs when untrusted user input is directly concatenated into SQL database queries, allowing attackers to manipulate queries and extract confidential data.",Different,0
120,"Virtual memory uses paging and swapping mechanisms to combine physical RAM with secondary disk storage, allowing programs larger than physical memory to execute smoothly.","Virtual memory uses paging and swapping mechanisms to combine physical RAM with secondary disk storage, allowing programs larger than physical memory to execute smoothly. ",Duplicate,2
397,"Natural language processing allows computers to interpret, analyze, and manipulate human language using statistical models, rule-based heuristics, and deep learning transformers like BERT and GPT.","Natural language processing allows digital machines to interpret, analyze, and manipulate human language using statistical models, rule-based heuristics, and deep learning transformers like BERT and GPT. Extensive research continues to enhance its operational performance.",Similar,1
410,"Multi-factor authentication strengthens access control by requiring two or more independent credentials such as passwords, authenticator tokens, or biometrics.",A relational database management system organizes data into tables consisting of rows and columns with primary keys and foreign keys enforcing referential integrity.,Different,0
482,Public-key cryptography utilizes asymmetric key pairs consisting of a public key for encryption and a private mathematically linked key for decryption.,A relational database management system organizes data into tables consisting of rows and columns with primary keys and foreign keys enforcing referential integrity.,Different,0
208,Convolutional Neural Networks are deep neural network architectures specifically designed for computer vision and image processing tasks. They use convolutional layers to extract spatial hierarchies of features from images.,Convolutional Neural Networks are deep neural network architectures tailored for digital image recognition and visual analysis and image processing operations They use convolutional layers to extract spatial hierarchies of features from images. Industry adoption of this method has increased drastically.,Similar,1
335,Containerization packages application code together with its runtime dependencies into portable containers orchestrated at scale using tools like Docker and Kubernetes.,Containerization packages application code together with its runtime dependencies into portable containers orchestrated at scale using tools like Docker and Kubernetes. This concept is fundamental to modern computing systems.,Similar,1
353,"User Datagram Protocol is a connectionless transport protocol prioritizing low latency over reliability, frequently used in real-time video streaming, DNS lookups, and gaming.","User Datagram Protocol is a connectionless transport protocol prioritizing low latency over reliability, frequently used in real-time video streaming, DNS lookups, and gaming. In practical applications, this provides robust capabilities.",Similar,1
342,A firewall monitors and filters incoming and outgoing network traffic based on predefined security rules to block unauthorized access and malicious threats.,"A firewall monitors and filters incoming and outgoing network traffic based on predefined security rules to block unauthorized access and malicious threats. In practical applications, this provides robust capabilities.",Similar,1
405,A relational database management system organizes data into tables consisting of rows and columns with primary keys and foreign keys enforcing referential integrity.,"Cloud service models are categorized into Infrastructure as a Service, Platform as a Service, and Software as a Service depending on the degree of customer management.",Different,0
9,"ACID properties ensure database transaction reliability: Atomicity guarantees all-or-nothing execution, Consistency enforces constraints, Isolation separates concurrent transactions, and Durability ensures committed updates persist.","ACID properties ensure database transaction reliability: Atomicity guarantees all-or-nothing execution, Consistency enforces constraints, Isolation separates concurrent transactions, and Durability ensures committed updates persist. ",Duplicate,2
378,"Process scheduling algorithms determine the order in which execution threads receive CPU time, including First-Come-First-Served, Shortest Job Next, Priority Scheduling, and Round Robin.","Process scheduling models determine the order in which execution threads receive CPU time, including First-Come-First-Served, Shortest Job Next, Priority Scheduling, and Round Robin. This concept is fundamental to modern computing systems.",Similar,1
37,"Microservices architecture structures an enterprise application as a collection of loosely coupled, independently deployable services communicating via REST APIs or message brokers.","Microservices architecture structures an enterprise application as a collection of loosely coupled, independently deployable services communicating via REST APIs or message brokers.",Duplicate,2
140,SQL indexing creates data structures such as B-trees or hash tables on table columns to drastically speed up query retrieval performance at the cost of additional storage and write overhead.,SQL indexing creates data structures such as B-trees or hash tables on table columns to drastically speed up query retrieval performance at the cost of additional storage and write overhead.,Duplicate,2
254,A firewall monitors and filters incoming and outgoing network traffic based on predefined security rules to block unauthorized access and malicious threats.,A firewall monitors and filters incoming and outgoing network traffic based on predefined security rules to block unauthorized access and malicious threats. Extensive research continues to enhance its operational performance.,Similar,1
304,"Serverless computing allows developers to deploy event-driven functions without provisioning or managing underlying virtual servers, scaling automatically to zero when idle.","Serverless computing allows software engineers to deploy event-driven functions without provisioning or managing underlying virtual servers, scaling automatically to zero when idle. In practical applications, this provides robust capabilities.",Similar,1
543,A firewall monitors and filters incoming and outgoing network traffic based on predefined security rules to block unauthorized access and malicious threats.,"The OSI reference model defines network communication through seven conceptual layers: Physical, Data Link, Network, Transport, Session, Presentation, and Application.",Different,0
60,"Natural language processing allows computers to interpret, analyze, and manipulate human language using statistical models, rule-based heuristics, and deep learning transformers like BERT and GPT.","Natural language processing allows computers to interpret, analyze, and manipulate human language using statistical models, rule-based heuristics, and deep learning transformers like BERT and GPT.",Duplicate,2
112,"User Datagram Protocol is a connectionless transport protocol prioritizing low latency over reliability, frequently used in real-time video streaming, DNS lookups, and gaming.","User Datagram Protocol  is a connectionless transport protocol prioritizing low latency over reliability, frequently used in real-time video streaming, DNS lookups, and gaming.",Duplicate,2
364,"NoSQL databases provide flexible schema designs and horizontal scalability for distributed data models, including document stores like MongoDB, key-value stores like Redis, and graph databases like Neo4j.","NoSQL databases provide flexible schema designs and horizontal scalability for distributed data models, including document stores like MongoDB, key-value stores like Redis, and graph databases like Neo4j. Industry adoption of this method has increased drastically.",Similar,1
355,Convolutional Neural Networks are deep neural network architectures specifically designed for computer vision and image processing tasks. They use convolutional layers to extract spatial hierarchies of features from images.,Convolutional Neural Networks are deep neural network architectures tailored for digital image recognition and visual analysis and image processing operations They use convolutional layers to extract spatial hierarchies of features from images. This concept is fundamental to modern computing systems.,Similar,1
263,Convolutional Neural Networks are deep neural network architectures specifically designed for computer vision and image processing tasks. They use convolutional layers to extract spatial hierarchies of features from images.,Convolutional Neural Networks are deep neural network architectures tailored for digital image recognition and visual analysis and image processing operations They use convolutional layers to extract spatial hierarchies of features from images. Industry adoption of this method has increased drastically.,Similar,1
526,"Process scheduling algorithms determine the order in which execution threads receive CPU time, including First-Come-First-Served, Shortest Job Next, Priority Scheduling, and Round Robin.","Cloud computing delivers computing services including servers, storage, databases, networking, and software over the internet with on-demand elasticity and pay-as-you-go pricing.",Different,0
298,"An operating system acts as an intermediary between computer hardware and user applications, providing process management, memory management, file systems, and device control.","An The OS serves as a software bridge between computer hardware and user applications, providing process management, memory management, file systems, and device control. This concept is fundamental to modern computing systems.",Similar,1
151,"Machine learning is a subset of artificial intelligence that focuses on building applications that learn from data and improve their accuracy over time without being explicitly programmed. Common algorithms include decision trees, neural networks, and support vector machines.","Machine learning is a subset of artificial intelligence that focuses on building applications that learn from data and improve their accuracy over time without being explicitly programmed. Common algorithms include decision trees, neural networks, and support  vector machines.",Duplicate,2
267,Reinforcement learning is an area of machine learning concerning how intelligent agents ought to take actions in an environment in order to maximize cumulative reward through exploration and exploitation.,Reinforcement learning is an area of machine learning concerning how intelligent agents ought to take actions in an environment in order to maximize cumulative reward through exploration and exploitation. This concept is fundamental to modern computing systems.,Similar,1
519,"Natural language processing allows computers to interpret, analyze, and manipulate human language using statistical models, rule-based heuristics, and deep learning transformers like BERT and GPT.","Multi-factor authentication strengthens access control by requiring two or more independent credentials such as passwords, authenticator tokens, or biometrics.",Different,0
531,A firewall monitors and filters incoming and outgoing network traffic based on predefined security rules to block unauthorized access and malicious threats.,"Serverless computing allows developers to deploy event-driven functions without provisioning or managing underlying virtual servers, scaling automatically to zero when idle.",Different,0
39,"An operating system acts as an intermediary between computer hardware and user applications, providing process management, memory management, file systems, and device control.","An operating system acts as an intermediary between computer hardware and user applications, providing process management, memory management, file systems, and device control.",Duplicate,2
432,Public-key cryptography utilizes asymmetric key pairs consisting of a public key for encryption and a private mathematically linked key for decryption.,"Transmission Control Protocol provides connection-oriented, reliable, and ordered delivery of byte streams between networked hosts through three-way handshakes and flow control.",Different,0
308,"Microservices architecture structures an enterprise application as a collection of loosely coupled, independently deployable services communicating via REST APIs or message brokers.","Microservices architecture structures an enterprise application as a collection of loosely coupled, independently deployable utilities communicating via REST APIs or message brokers. In practical applications, this provides robust capabilities.",Similar,1
199,SQL indexing creates data structures such as B-trees or hash tables on table columns to drastically speed up query retrieval performance at the cost of additional storage and write overhead.,SQL indexing creates data structures such as B-trees or hash tables on table columns to drastically speed up query retrieval performance at the cost of additional storage and write overhead.,Duplicate,2
356,"Serverless computing allows developers to deploy event-driven functions without provisioning or managing underlying virtual servers, scaling automatically to zero when idle.","Serverless computing allows software engineers to deploy event-driven functions without provisioning or managing underlying virtual servers, scaling automatically to zero when idle. Extensive research continues to enhance its operational performance.",Similar,1
147,"Process scheduling algorithms determine the order in which execution threads receive CPU time, including First-Come-First-Served, Shortest Job Next, Priority Scheduling, and Round Robin.","Process scheduling algorithms determine the order in which  execution threads receive CPU time, including First-Come-First-Served, Shortest Job Next, Priority Scheduling, and Round Robin.",Duplicate,2
471,"Multi-factor authentication strengthens access control by requiring two or more independent credentials such as passwords, authenticator tokens, or biometrics.",Convolutional Neural Networks are deep neural network architectures specifically designed for computer vision and image processing tasks. They use convolutional layers to extract spatial hierarchies of features from images.,Different,0
533,Routing algorithms such as Dijkstra's link-state and Bellman-Ford distance-vector establish optimum packet paths across interconnected autonomous system networks.,Public-key cryptography utilizes asymmetric key pairs consisting of a public key for encryption and a private mathematically linked key for decryption.,Different,0
148,"Process scheduling algorithms determine the order in which execution threads receive CPU time, including First-Come-First-Served, Shortest Job Next, Priority Scheduling, and Round Robin.","Process scheduling algorithms determine the order in which execution threads receive CPU time, including First-Come-First-Served, Shortest Job Next, Priority Scheduling, and Round Robin.",Duplicate,2
421,"NoSQL databases provide flexible schema designs and horizontal scalability for distributed data models, including document stores like MongoDB, key-value stores like Redis, and graph databases like Neo4j.",Routing algorithms such as Dijkstra's link-state and Bellman-Ford distance-vector establish optimum packet paths across interconnected autonomous system networks.,Different,0
349,"ACID properties ensure database transaction reliability: Atomicity guarantees all-or-nothing execution, Consistency enforces constraints, Isolation separates concurrent transactions, and Durability ensures committed updates persist.","The ACID paradigm guarantees trustworthy transaction processing: Atomicity guarantees all-or-nothing execution, Consistency enforces constraints, Isolation separates concurrent transactions, and Durability ensures committed updates persist. Industry adoption of this method has increased drastically.",Similar,1
326,"SQL injection occurs when untrusted user input is directly concatenated into SQL database queries, allowing attackers to manipulate queries and extract confidential data.","SQL injection occurs when untrusted user input is directly concatenated into SQL database queries, allowing attackers to manipulate queries and extract sensitive private data. In practical applications, this provides robust capabilities.",Similar,1
514,"NoSQL databases provide flexible schema designs and horizontal scalability for distributed data models, including document stores like MongoDB, key-value stores like Redis, and graph databases like Neo4j.","SQL injection occurs when untrusted user input is directly concatenated into SQL database queries, allowing attackers to manipulate queries and extract confidential data.",Different,0
124,"Supervised learning algorithms are trained using labeled datasets where the desired output is known. Unsupervised learning models discover hidden patterns or groupings in unlabeled datasets, such as k-means clustering.","Supervised learning algorithms are trained using labeled datasets where the desired output is known. Unsupervised learning models discover hidden patterns or groupings in unlabeled datasets, such as k-means clustering.",Duplicate,2
503,Routing algorithms such as Dijkstra's link-state and Bellman-Ford distance-vector establish optimum packet paths across interconnected autonomous system networks.,Containerization packages application code together with its runtime dependencies into portable containers orchestrated at scale using tools like Docker and Kubernetes.,Different,0
97,"The OSI reference model defines network communication through seven conceptual layers: Physical, Data Link, Network, Transport, Session, Presentation, and Application.","The OSI reference model defines network communication  through seven conceptual layers: Physical, Data Link, Network, Transport, Session, Presentation, and Application.",Duplicate,2
144,Routing algorithms such as Dijkstra's link-state and Bellman-Ford distance-vector establish optimum packet paths across interconnected autonomous system networks.,Routing algorithms such  as Dijkstra's link-state and Bellman-Ford distance-vector establish optimum packet paths across interconnected autonomous system networks.,Duplicate,2
240,"The OSI reference model defines network communication through seven conceptual layers: Physical, Data Link, Network, Transport, Session, Presentation, and Application.","The The 7-layer OSI model formalizes telecommunication protocols through seven conceptual layers: Physical, Data Link, Network, Transport, Session, Presentation, and Application. Extensive research continues to enhance its operational performance.",Similar,1
426,"User Datagram Protocol is a connectionless transport protocol prioritizing low latency over reliability, frequently used in real-time video streaming, DNS lookups, and gaming.","Multi-factor authentication strengthens access control by requiring two or more independent credentials such as passwords, authenticator tokens, or biometrics.",Different,0
98,"Natural language processing allows computers to interpret, analyze, and manipulate human language using statistical models, rule-based heuristics, and deep learning transformers like BERT and GPT.","Natural language processing allows computers to interpret, analyze, and manipulate human language using statistical models, rule-based heuristics, and deep learning transformers like BERT and GPT.",Duplicate,2
325,"Natural language processing allows computers to interpret, analyze, and manipulate human language using statistical models, rule-based heuristics, and deep learning transformers like BERT and GPT.","Natural language processing allows digital machines to interpret, analyze, and manipulate human language using statistical models, rule-based heuristics, and deep learning transformers like BERT and GPT. Industry adoption of this method has increased drastically.",Similar,1
280,"Microservices architecture structures an enterprise application as a collection of loosely coupled, independently deployable services communicating via REST APIs or message brokers.","Microservices architecture structures an enterprise application as a collection of loosely coupled, independently deployable utilities communicating via REST APIs or message brokers. Extensive research continues to enhance its operational performance.",Similar,1
294,Convolutional Neural Networks are deep neural network architectures specifically designed for computer vision and image processing tasks. They use convolutional layers to extract spatial hierarchies of features from images.,Convolutional Neural Networks are deep neural network architectures tailored for digital image recognition and visual analysis and image processing operations They use convolutional layers to extract spatial hierarchies of features from images. Extensive research continues to enhance its operational performance.,Similar,1
478,Convolutional Neural Networks are deep neural network architectures specifically designed for computer vision and image processing tasks. They use convolutional layers to extract spatial hierarchies of features from images.,"The OSI reference model defines network communication through seven conceptual layers: Physical, Data Link, Network, Transport, Session, Presentation, and Application.",Different,0
123,"ACID properties ensure database transaction reliability: Atomicity guarantees all-or-nothing execution, Consistency enforces constraints, Isolation separates concurrent transactions, and Durability ensures committed updates persist.","ACID properties ensure database transaction reliability: Atomicity guarantees all-or-nothing execution, Consistency enforces constraints, Isolation separates concurrent transactions, and Durability ensures committed updates persist.",Duplicate,2
184,"Cloud service models are categorized into Infrastructure as a Service, Platform as a Service, and Software as a Service depending on the degree of customer management.","Cloud service models are categorized into Infrastructure as a Service, Platform as a Service, and Software as a Service depending on the degree of customer management. ",Duplicate,2
203,Deadlock occurs in concurrent programming when two or more processes are permanently blocked because each is waiting for a resource held by another process in a circular wait condition.,A deadlock situation arises during multithreading when two or more processes are permanently blocked because each is waiting for a resource held by another process in a circular wait condition. This concept is fundamental to modern computing systems.,Similar,1
324,Convolutional Neural Networks are deep neural network architectures specifically designed for computer vision and image processing tasks. They use convolutional layers to extract spatial hierarchies of features from images.,Convolutional Neural Networks are deep neural network architectures tailored for digital image recognition and visual analysis and image processing operations They use convolutional layers to extract spatial hierarchies of features from images. This concept is fundamental to modern computing systems.,Similar,1
247,"Supervised learning algorithms are trained using labeled datasets where the desired output is known. Unsupervised learning models discover hidden patterns or groupings in unlabeled datasets, such as k-means clustering.","Supervised approaches utilize annotated data sets with known ground truth where the desired output is known. Unsupervised methods detect latent groupings or groupings in unlabeled datasets, such as k-means clustering. This concept is fundamental to modern computing systems.",Similar,1
513,A relational database management system organizes data into tables consisting of rows and columns with primary keys and foreign keys enforcing referential integrity.,Containerization packages application code together with its runtime dependencies into portable containers orchestrated at scale using tools like Docker and Kubernetes.,Different,0
458,"SQL injection occurs when untrusted user input is directly concatenated into SQL database queries, allowing attackers to manipulate queries and extract confidential data.",Reinforcement learning is an area of machine learning concerning how intelligent agents ought to take actions in an environment in order to maximize cumulative reward through exploration and exploitation.,Different,0
479,"Microservices architecture structures an enterprise application as a collection of loosely coupled, independently deployable services communicating via REST APIs or message brokers.","Natural language processing allows computers to interpret, analyze, and manipulate human language using statistical models, rule-based heuristics, and deep learning transformers like BERT and GPT.",Different,0
500,"ACID properties ensure database transaction reliability: Atomicity guarantees all-or-nothing execution, Consistency enforces constraints, Isolation separates concurrent transactions, and Durability ensures committed updates persist.","Serverless computing allows developers to deploy event-driven functions without provisioning or managing underlying virtual servers, scaling automatically to zero when idle.",Different,0
530,"Cloud computing delivers computing services including servers, storage, databases, networking, and software over the internet with on-demand elasticity and pay-as-you-go pricing.","The OSI reference model defines network communication through seven conceptual layers: Physical, Data Link, Network, Transport, Session, Presentation, and Application.",Different,0
389,A relational database management system organizes data into tables consisting of rows and columns with primary keys and foreign keys enforcing referential integrity.,"A RDBMS structures records into relational tabular schemas consisting of rows and columns with primary keys and foreign keys enforcing referential integrity. In practical applications, this provides robust capabilities.",Similar,1
126,"An operating system acts as an intermediary between computer hardware and user applications, providing process management, memory management, file systems, and device control.","An operating system acts as an intermediary between computer hardware and user applications, providing process management, memory management, file systems, and device control.",Duplicate,2
582,"Multi-factor authentication strengthens access control by requiring two or more independent credentials such as passwords, authenticator tokens, or biometrics.",Domain Name System translates human-friendly domain names like example.com into numerical IP addresses required for packet routing across the internet.,Different,0
224,Public-key cryptography utilizes asymmetric key pairs consisting of a public key for encryption and a private mathematically linked key for decryption.,Public-key cryptography utilizes asymmetric key pairs consisting of a public key for encryption and a private mathematically linked key for decryption. Industry adoption of this method has increased drastically.,Similar,1
343,SQL indexing creates data structures such as B-trees or hash tables on table columns to drastically speed up query retrieval performance at the cost of additional storage and write overhead.,SQL indexing creates data structures such as B-trees or hash tables on table columns to drastically speed up query retrieval efficiency at the cost of additional memory capacity and write overhead. Extensive research continues to enhance its operational performance.,Similar,1
54,Deadlock occurs in concurrent programming when two or more processes are permanently blocked because each is waiting for a resource held by another process in a circular wait condition.,Deadlock occurs in concurrent programming when two or more processes are permanently blocked because each is waiting for a resource held by another process in a circular wait condition.,Duplicate,2
220,Domain Name System translates human-friendly domain names like example.com into numerical IP addresses required for packet routing across the internet.,Domain Name System translates human-friendly domain names like example.com into numerical IP addresses required for packet routing across the internet. Industry adoption of this method has increased drastically.,Similar,1
130,"SQL injection occurs when untrusted user input is directly concatenated into SQL database queries, allowing attackers to manipulate queries and extract confidential data.","SQL injection occurs when untrusted user input is directly concatenated into SQL database queries, allowing attackers to manipulate queries and extract confidential data.",Duplicate,2
544,Deadlock occurs in concurrent programming when two or more processes are permanently blocked because each is waiting for a resource held by another process in a circular wait condition.,"Cloud computing delivers computing services including servers, storage, databases, networking, and software over the internet with on-demand elasticity and pay-as-you-go pricing.",Different,0
394,Reinforcement learning is an area of machine learning concerning how intelligent agents ought to take actions in an environment in order to maximize cumulative reward through exploration and exploitation.,Reinforcement learning is an area of machine learning concerning how intelligent agents ought to take actions in an environment in order to maximize cumulative reward through exploration and exploitation. This concept is fundamental to modern computing systems.,Similar,1
448,"Serverless computing allows developers to deploy event-driven functions without provisioning or managing underlying virtual servers, scaling automatically to zero when idle.","Multi-factor authentication strengthens access control by requiring two or more independent credentials such as passwords, authenticator tokens, or biometrics.",Different,0
546,"Microservices architecture structures an enterprise application as a collection of loosely coupled, independently deployable services communicating via REST APIs or message brokers.",Denial of Service and Distributed Denial of Service attacks attempt to disrupt the normal traffic of a targeted server by overwhelming it with a flood of malicious traffic.,Different,0
396,Convolutional Neural Networks are deep neural network architectures specifically designed for computer vision and image processing tasks. They use convolutional layers to extract spatial hierarchies of features from images.,Convolutional Neural Networks are deep neural network architectures tailored for digital image recognition and visual analysis and image processing operations They use convolutional layers to extract spatial hierarchies of features from images. This concept is fundamental to modern computing systems.,Similar,1
567,Containerization packages application code together with its runtime dependencies into portable containers orchestrated at scale using tools like Docker and Kubernetes.,Public-key cryptography utilizes asymmetric key pairs consisting of a public key for encryption and a private mathematically linked key for decryption.,Different,0
403,A firewall monitors and filters incoming and outgoing network traffic based on predefined security rules to block unauthorized access and malicious threats.,"Supervised learning algorithms are trained using labeled datasets where the desired output is known. Unsupervised learning models discover hidden patterns or groupings in unlabeled datasets, such as k-means clustering.",Different,0
387,"The OSI reference model defines network communication through seven conceptual layers: Physical, Data Link, Network, Transport, Session, Presentation, and Application.","The The 7-layer OSI model formalizes telecommunication protocols through seven conceptual layers: Physical, Data Link, Network, Transport, Session, Presentation, and Application. Extensive research continues to enhance its operational performance.",Similar,1
581,"Cloud computing delivers computing services including servers, storage, databases, networking, and software over the internet with on-demand elasticity and pay-as-you-go pricing.","ACID properties ensure database transaction reliability: Atomicity guarantees all-or-nothing execution, Consistency enforces constraints, Isolation separates concurrent transactions, and Durability ensures committed updates persist.",Different,0
295,Reinforcement learning is an area of machine learning concerning how intelligent agents ought to take actions in an environment in order to maximize cumulative reward through exploration and exploitation.,Reinforcement learning is an area of machine learning concerning how intelligent agents ought to take actions in an environment in order to maximize cumulative reward through exploration and exploitation. Extensive research continues to enhance its operational performance.,Similar,1
501,Domain Name System translates human-friendly domain names like example.com into numerical IP addresses required for packet routing across the internet.,"Virtual memory uses paging and swapping mechanisms to combine physical RAM with secondary disk storage, allowing programs larger than physical memory to execute smoothly.",Different,0
483,"An operating system acts as an intermediary between computer hardware and user applications, providing process management, memory management, file systems, and device control.",Domain Name System translates human-friendly domain names like example.com into numerical IP addresses required for packet routing across the internet.,Different,0
416,"Serverless computing allows developers to deploy event-driven functions without provisioning or managing underlying virtual servers, scaling automatically to zero when idle.","The OSI reference model defines network communication through seven conceptual layers: Physical, Data Link, Network, Transport, Session, Presentation, and Application.",Different,0
113,Denial of Service and Distributed Denial of Service attacks attempt to disrupt the normal traffic of a targeted server by overwhelming it with a flood of malicious traffic.,Denial of Service and Distributed Denial of Service  attacks attempt to disrupt the normal traffic of a targeted server by overwhelming it with a flood of malicious traffic.,Duplicate,2
180,Public-key cryptography utilizes asymmetric key pairs consisting of a public key for encryption and a private mathematically linked key for decryption.,Public-key cryptography utilizes asymmetric key pairs consisting of a public key for encryption and  a private mathematically linked key for decryption.,Duplicate,2
422,Semaphores and mutex locks are synchronization primitives designed to prevent race conditions and enforce mutual exclusion in multithreaded concurrent systems.,SQL indexing creates data structures such as B-trees or hash tables on table columns to drastically speed up query retrieval performance at the cost of additional storage and write overhead.,Different,0
468,"Transmission Control Protocol provides connection-oriented, reliable, and ordered delivery of byte streams between networked hosts through three-way handshakes and flow control.","Serverless computing allows developers to deploy event-driven functions without provisioning or managing underlying virtual servers, scaling automatically to zero when idle.",Different,0
450,Routing algorithms such as Dijkstra's link-state and Bellman-Ford distance-vector establish optimum packet paths across interconnected autonomous system networks.,A relational database management system organizes data into tables consisting of rows and columns with primary keys and foreign keys enforcing referential integrity.,Different,0
374,"Serverless computing allows developers to deploy event-driven functions without provisioning or managing underlying virtual servers, scaling automatically to zero when idle.","Serverless computing allows software engineers to deploy event-driven functions without provisioning or managing underlying virtual servers, scaling automatically to zero when idle. Extensive research continues to enhance its operational performance.",Similar,1
315,Semaphores and mutex locks are synchronization primitives designed to prevent race conditions and enforce mutual exclusion in multithreaded concurrent systems.,Semaphores and mutex locks are synchronization primitives designed to prevent race conditions and enforce mutual exclusion in multithreaded concurrent systems. Industry adoption of this method has increased drastically.,Similar,1
152,"NoSQL databases provide flexible schema designs and horizontal scalability for distributed data models, including document stores like MongoDB, key-value stores like Redis, and graph databases like Neo4j.","NoSQL databases provide flexible  schema designs and horizontal scalability for distributed data models, including document stores like MongoDB, key-value stores like Redis, and graph databases like Neo4j.",Duplicate,2
583,"Microservices architecture structures an enterprise application as a collection of loosely coupled, independently deployable services communicating via REST APIs or message brokers.",Domain Name System translates human-friendly domain names like example.com into numerical IP addresses required for packet routing across the internet.,Different,0
234,Reinforcement learning is an area of machine learning concerning how intelligent agents ought to take actions in an environment in order to maximize cumulative reward through exploration and exploitation.,"Reinforcement learning is an area of machine learning concerning how intelligent agents ought to take actions in an environment in order to maximize cumulative reward through exploration and exploitation. In practical applications, this provides robust capabilities.",Similar,1
307,"Microservices architecture structures an enterprise application as a collection of loosely coupled, independently deployable services communicating via REST APIs or message brokers.","Microservices architecture structures an enterprise application as a collection of loosely coupled, independently deployable utilities communicating via REST APIs or message brokers. In practical applications, this provides robust capabilities.",Similar,1
550,"Cloud computing delivers computing services including servers, storage, databases, networking, and software over the internet with on-demand elasticity and pay-as-you-go pricing.","Transmission Control Protocol provides connection-oriented, reliable, and ordered delivery of byte streams between networked hosts through three-way handshakes and flow control.",Different,0
165,Semaphores and mutex locks are synchronization primitives designed to prevent race conditions and enforce mutual exclusion in multithreaded concurrent systems.,Semaphores and mutex locks are synchronization primitives designed to prevent race conditions and enforce mutual exclusion in multithreaded concurrent systems.,Duplicate,2
318,"Microservices architecture structures an enterprise application as a collection of loosely coupled, independently deployable services communicating via REST APIs or message brokers.","Microservices architecture structures an enterprise application as a collection of loosely coupled, independently deployable utilities communicating via REST APIs or message brokers. This concept is fundamental to modern computing systems.",Similar,1
137,"Transmission Control Protocol provides connection-oriented, reliable, and ordered delivery of byte streams between networked hosts through three-way handshakes and flow control.","Transmission Control Protocol provides connection-oriented, reliable, and ordered delivery of byte streams between networked hosts through three-way handshakes and flow control.",Duplicate,2
411,"Cloud service models are categorized into Infrastructure as a Service, Platform as a Service, and Software as a Service depending on the degree of customer management.","Database normalization is the systematic process of organizing fields and tables to minimize data redundancy and dependency anomalies, progressing through 1NF, 2NF, 3NF, and BCNF.",Different,0
198,SQL indexing creates data structures such as B-trees or hash tables on table columns to drastically speed up query retrieval performance at the cost of additional storage and write overhead.,SQL indexing creates data structures such as B-trees or hash tables on table columns to drastically speed up query retrieval performance at the cost of additional storage and write overhead.,Duplicate,2
569,"User Datagram Protocol is a connectionless transport protocol prioritizing low latency over reliability, frequently used in real-time video streaming, DNS lookups, and gaming.",Reinforcement learning is an area of machine learning concerning how intelligent agents ought to take actions in an environment in order to maximize cumulative reward through exploration and exploitation.,Different,0
259,A firewall monitors and filters incoming and outgoing network traffic based on predefined security rules to block unauthorized access and malicious threats.,A firewall monitors and filters incoming and outgoing network traffic based on predefined security rules to block unauthorized access and malicious threats. Industry adoption of this method has increased drastically.,Similar,1
233,"Database normalization is the systematic process of organizing fields and tables to minimize data redundancy and dependency anomalies, progressing through 1NF, 2NF, 3NF, and BCNF.","Database normalization is the systematic process of organizing fields and tables to minimize data redundancy and dependency anomalies, progressing through 1NF, 2NF, 3NF, and BCNF. This concept is fundamental to modern computing systems.",Similar,1
116,Deadlock occurs in concurrent programming when two or more processes are permanently blocked because each is waiting for a resource held by another process in a circular wait condition.,Deadlock occurs in concurrent programming when  two or more processes are permanently blocked because each is waiting for a resource held by another process in a circular wait condition.,Duplicate,2
121,Public-key cryptography utilizes asymmetric key pairs consisting of a public key for encryption and a private mathematically linked key for decryption.,Public-key cryptography utilizes asymmetric key pairs consisting of a public key for encryption and a private mathematically linked key for decryption.,Duplicate,2
489,"Transmission Control Protocol provides connection-oriented, reliable, and ordered delivery of byte streams between networked hosts through three-way handshakes and flow control.","Supervised learning algorithms are trained using labeled datasets where the desired output is known. Unsupervised learning models discover hidden patterns or groupings in unlabeled datasets, such as k-means clustering.",Different,0
377,"NoSQL databases provide flexible schema designs and horizontal scalability for distributed data models, including document stores like MongoDB, key-value stores like Redis, and graph databases like Neo4j.","NoSQL databases provide flexible schema designs and horizontal scalability for distributed data models, including document stores like MongoDB, key-value stores like Redis, and graph databases like Neo4j. This concept is fundamental to modern computing systems.",Similar,1
385,"Natural language processing allows computers to interpret, analyze, and manipulate human language using statistical models, rule-based heuristics, and deep learning transformers like BERT and GPT.","Natural language processing allows digital machines to interpret, analyze, and manipulate human language using statistical models, rule-based heuristics, and deep learning transformers like BERT and GPT. In practical applications, this provides robust capabilities.",Similar,1
225,Semaphores and mutex locks are synchronization primitives designed to prevent race conditions and enforce mutual exclusion in multithreaded concurrent systems.,Semaphores and mutex locks are synchronization primitives designed to prevent race conditions and enforce mutual exclusion in multithreaded concurrent systems. Extensive research continues to enhance its operational performance.,Similar,1
568,Routing algorithms such as Dijkstra's link-state and Bellman-Ford distance-vector establish optimum packet paths across interconnected autonomous system networks.,"Machine learning is a subset of artificial intelligence that focuses on building applications that learn from data and improve their accuracy over time without being explicitly programmed. Common algorithms include decision trees, neural networks, and support vector machines.",Different,0
457,Semaphores and mutex locks are synchronization primitives designed to prevent race conditions and enforce mutual exclusion in multithreaded concurrent systems.,"Multi-factor authentication strengthens access control by requiring two or more independent credentials such as passwords, authenticator tokens, or biometrics.",Different,0
348,A relational database management system organizes data into tables consisting of rows and columns with primary keys and foreign keys enforcing referential integrity.,A RDBMS structures records into relational tabular schemas consisting of rows and columns with primary keys and foreign keys enforcing referential integrity. Extensive research continues to enhance its operational performance.,Similar,1
128,Denial of Service and Distributed Denial of Service attacks attempt to disrupt the normal traffic of a targeted server by overwhelming it with a flood of malicious traffic.,Denial of Service and Distributed Denial  of Service attacks attempt to disrupt the normal traffic of a targeted server by overwhelming it with a flood of malicious traffic.,Duplicate,2
591,"Cloud computing delivers computing services including servers, storage, databases, networking, and software over the internet with on-demand elasticity and pay-as-you-go pricing.","Multi-factor authentication strengthens access control by requiring two or more independent credentials such as passwords, authenticator tokens, or biometrics.",Different,0
286,Deadlock occurs in concurrent programming when two or more processes are permanently blocked because each is waiting for a resource held by another process in a circular wait condition.,A deadlock situation arises during multithreading when two or more processes are permanently blocked because each is waiting for a resource held by another process in a circular wait condition. Industry adoption of this method has increased drastically.,Similar,1
554,Denial of Service and Distributed Denial of Service attacks attempt to disrupt the normal traffic of a targeted server by overwhelming it with a flood of malicious traffic.,Semaphores and mutex locks are synchronization primitives designed to prevent race conditions and enforce mutual exclusion in multithreaded concurrent systems.,Different,0
44,Reinforcement learning is an area of machine learning concerning how intelligent agents ought to take actions in an environment in order to maximize cumulative reward through exploration and exploitation.,Reinforcement learning is an area of machine learning concerning how intelligent agents ought to take actions in an environment in order to maximize cumulative reward through exploration and exploitation.,Duplicate,2
108,Semaphores and mutex locks are synchronization primitives designed to prevent race conditions and enforce mutual exclusion in multithreaded concurrent systems.,Semaphores and mutex locks are synchronization primitives designed to prevent race conditions and enforce mutual exclusion in multithreaded concurrent systems.,Duplicate,2
565,"Natural language processing allows computers to interpret, analyze, and manipulate human language using statistical models, rule-based heuristics, and deep learning transformers like BERT and GPT.","Transmission Control Protocol provides connection-oriented, reliable, and ordered delivery of byte streams between networked hosts through three-way handshakes and flow control.",Different,0
445,Denial of Service and Distributed Denial of Service attacks attempt to disrupt the normal traffic of a targeted server by overwhelming it with a flood of malicious traffic.,Semaphores and mutex locks are synchronization primitives designed to prevent race conditions and enforce mutual exclusion in multithreaded concurrent systems.,Different,0
134,"Database normalization is the systematic process of organizing fields and tables to minimize data redundancy and dependency anomalies, progressing through 1NF, 2NF, 3NF, and BCNF.","Database normalization is the systematic process of organizing fields and tables to minimize data redundancy and dependency anomalies, progressing through 1NF, 2NF, 3NF, and BCNF.",Duplicate,2
496,"Process scheduling algorithms determine the order in which execution threads receive CPU time, including First-Come-First-Served, Shortest Job Next, Priority Scheduling, and Round Robin.","Cloud computing delivers computing services including servers, storage, databases, networking, and software over the internet with on-demand elasticity and pay-as-you-go pricing.",Different,0
45,"Database normalization is the systematic process of organizing fields and tables to minimize data redundancy and dependency anomalies, progressing through 1NF, 2NF, 3NF, and BCNF.","Database normalization is the systematic process of organizing fields and tables to minimize data redundancy and dependency anomalies,  progressing through 1NF, 2NF, 3NF, and BCNF.",Duplicate,2
170,"Process scheduling algorithms determine the order in which execution threads receive CPU time, including First-Come-First-Served, Shortest Job Next, Priority Scheduling, and Round Robin.","Process scheduling algorithms determine the order in which execution threads receive CPU time, including First-Come-First-Served, Shortest Job Next, Priority Scheduling, and Round Robin.",Duplicate,2
66,"Cloud computing delivers computing services including servers, storage, databases, networking, and software over the internet with on-demand elasticity and pay-as-you-go pricing.","Cloud computing delivers computing services including servers, storage, databases, networking, and software over the internet with on-demand elasticity and pay-as-you-go pricing.",Duplicate,2
284,SQL indexing creates data structures such as B-trees or hash tables on table columns to drastically speed up query retrieval performance at the cost of additional storage and write overhead.,SQL indexing creates data structures such as B-trees or hash tables on table columns to drastically speed up query retrieval efficiency at the cost of additional memory capacity and write overhead. Extensive research continues to enhance its operational performance.,Similar,1
86,Convolutional Neural Networks are deep neural network architectures specifically designed for computer vision and image processing tasks. They use convolutional layers to extract spatial hierarchies of features from images.,Convolutional Neural Networks are deep neural network architectures specifically designed for computer vision and image processing tasks. They use convolutional layers to extract spatial hierarchies of features from images.,Duplicate,2
243,"Multi-factor authentication strengthens access control by requiring two or more independent credentials such as passwords, authenticator tokens, or biometrics.","Multi-factor authentication strengthens access control by requiring two or more independent credentials such as passwords, authenticator tokens, or biometrics. In practical applications, this provides robust capabilities.",Similar,1
187,"SQL injection occurs when untrusted user input is directly concatenated into SQL database queries, allowing attackers to manipulate queries and extract confidential data.","SQL injection occurs when untrusted user input is directly concatenated into SQL database queries, allowing attackers to manipulate queries and extract confidential data.",Duplicate,2
327,Public-key cryptography utilizes asymmetric key pairs consisting of a public key for encryption and a private mathematically linked key for decryption.,"Public-key cryptography utilizes asymmetric key pairs consisting of a public key for encryption and a private mathematically linked key for decryption. In practical applications, this provides robust capabilities.",Similar,1
160,Denial of Service and Distributed Denial of Service attacks attempt to disrupt the normal traffic of a targeted server by overwhelming it with a flood of malicious traffic.,Denial of Service  and Distributed Denial of Service attacks attempt to disrupt the normal traffic of a targeted server by overwhelming it with a flood of malicious traffic.,Duplicate,2
13,Containerization packages application code together with its runtime dependencies into portable containers orchestrated at scale using tools like Docker and Kubernetes.,Containerization packages application code together with its runtime dependencies into portable containers orchestrated at scale using tools like Docker and Kubernetes.,Duplicate,2
36,"Database normalization is the systematic process of organizing fields and tables to minimize data redundancy and dependency anomalies, progressing through 1NF, 2NF, 3NF, and BCNF.","Database normalization is the systematic process of organizing fields and tables to minimize data redundancy and dependency anomalies, progressing through 1NF, 2NF, 3NF, and BCNF. ",Duplicate,2
29,A relational database management system organizes data into tables consisting of rows and columns with primary keys and foreign keys enforcing referential integrity.,A relational database management system organizes data into tables consisting of rows and columns with primary keys and foreign keys enforcing referential integrity.,Duplicate,2
171,Reinforcement learning is an area of machine learning concerning how intelligent agents ought to take actions in an environment in order to maximize cumulative reward through exploration and exploitation.,Reinforcement learning is an area of machine learning concerning how intelligent agents ought to take actions in an environment in order to maximize cumulative reward through exploration and exploitation.,Duplicate,2
143,"Machine learning is a subset of artificial intelligence that focuses on building applications that learn from data and improve their accuracy over time without being explicitly programmed. Common algorithms include decision trees, neural networks, and support vector machines.","Machine learning is a subset of artificial intelligence that focuses on building applications that learn from data and improve their accuracy over time without being explicitly programmed. Common algorithms include decision trees, neural networks, and support vector machines.",Duplicate,2
237,Semaphores and mutex locks are synchronization primitives designed to prevent race conditions and enforce mutual exclusion in multithreaded concurrent systems.,Semaphores and mutex locks are synchronization primitives designed to prevent race conditions and enforce mutual exclusion in multithreaded concurrent systems. Extensive research continues to enhance its operational performance.,Similar,1
464,Deadlock occurs in concurrent programming when two or more processes are permanently blocked because each is waiting for a resource held by another process in a circular wait condition.,Convolutional Neural Networks are deep neural network architectures specifically designed for computer vision and image processing tasks. They use convolutional layers to extract spatial hierarchies of features from images.,Different,0
497,"SQL injection occurs when untrusted user input is directly concatenated into SQL database queries, allowing attackers to manipulate queries and extract confidential data.",Routing algorithms such as Dijkstra's link-state and Bellman-Ford distance-vector establish optimum packet paths across interconnected autonomous system networks.,Different,0
222,"NoSQL databases provide flexible schema designs and horizontal scalability for distributed data models, including document stores like MongoDB, key-value stores like Redis, and graph databases like Neo4j.","NoSQL databases provide flexible schema designs and horizontal scalability for distributed data models, including document stores like MongoDB, key-value stores like Redis, and graph databases like Neo4j. Industry adoption of this method has increased drastically.",Similar,1
545,"Process scheduling algorithms determine the order in which execution threads receive CPU time, including First-Come-First-Served, Shortest Job Next, Priority Scheduling, and Round Robin.","Serverless computing allows developers to deploy event-driven functions without provisioning or managing underlying virtual servers, scaling automatically to zero when idle.",Different,0
96,"The OSI reference model defines network communication through seven conceptual layers: Physical, Data Link, Network, Transport, Session, Presentation, and Application.","The OSI reference model defines network communication through seven conceptual layers: Physical, Data Link, Network, Transport, Session, Presentation, and Application.",Duplicate,2
52,A relational database management system organizes data into tables consisting of rows and columns with primary keys and foreign keys enforcing referential integrity.,A relational database management system organizes data into tables consisting of rows and columns  with primary keys and foreign keys enforcing referential integrity.,Duplicate,2
241,"Database normalization is the systematic process of organizing fields and tables to minimize data redundancy and dependency anomalies, progressing through 1NF, 2NF, 3NF, and BCNF.","Database normalization is the systematic process of organizing fields and tables to minimize data redundancy and dependency anomalies, progressing through 1NF, 2NF, 3NF, and BCNF. This concept is fundamental to modern computing systems.",Similar,1
508,"Machine learning is a subset of artificial intelligence that focuses on building applications that learn from data and improve their accuracy over time without being explicitly programmed. Common algorithms include decision trees, neural networks, and support vector machines.","Transmission Control Protocol provides connection-oriented, reliable, and ordered delivery of byte streams between networked hosts through three-way handshakes and flow control.",Different,0
352,"Multi-factor authentication strengthens access control by requiring two or more independent credentials such as passwords, authenticator tokens, or biometrics.","Multi-factor authentication strengthens access control by requiring two or more independent credentials such as passwords, authenticator tokens, or biometrics. Industry adoption of this method has increased drastically.",Similar,1
517,"Process scheduling algorithms determine the order in which execution threads receive CPU time, including First-Come-First-Served, Shortest Job Next, Priority Scheduling, and Round Robin.",Convolutional Neural Networks are deep neural network architectures specifically designed for computer vision and image processing tasks. They use convolutional layers to extract spatial hierarchies of features from images.,Different,0
179,"SQL injection occurs when untrusted user input is directly concatenated into SQL database queries, allowing attackers to manipulate queries and extract confidential data.","SQL injection occurs when untrusted user input is directly concatenated into SQL database queries, allowing attackers to manipulate queries and extract confidential data.",Duplicate,2
461,A firewall monitors and filters incoming and outgoing network traffic based on predefined security rules to block unauthorized access and malicious threats.,"An operating system acts as an intermediary between computer hardware and user applications, providing process management, memory management, file systems, and device control.",Different,0
527,"NoSQL databases provide flexible schema designs and horizontal scalability for distributed data models, including document stores like MongoDB, key-value stores like Redis, and graph databases like Neo4j.",Semaphores and mutex locks are synchronization primitives designed to prevent race conditions and enforce mutual exclusion in multithreaded concurrent systems.,Different,0
42,"ACID properties ensure database transaction reliability: Atomicity guarantees all-or-nothing execution, Consistency enforces constraints, Isolation separates concurrent transactions, and Durability ensures committed updates persist.","ACID properties ensure database transaction reliability: Atomicity guarantees all-or-nothing execution, Consistency enforces constraints,  Isolation separates concurrent transactions, and Durability ensures committed updates persist.",Duplicate,2
555,"Supervised learning algorithms are trained using labeled datasets where the desired output is known. Unsupervised learning models discover hidden patterns or groupings in unlabeled datasets, such as k-means clustering.",A firewall monitors and filters incoming and outgoing network traffic based on predefined security rules to block unauthorized access and malicious threats.,Different,0
523,Public-key cryptography utilizes asymmetric key pairs consisting of a public key for encryption and a private mathematically linked key for decryption.,"Natural language processing allows computers to interpret, analyze, and manipulate human language using statistical models, rule-based heuristics, and deep learning transformers like BERT and GPT.",Different,0
207,"Process scheduling algorithms determine the order in which execution threads receive CPU time, including First-Come-First-Served, Shortest Job Next, Priority Scheduling, and Round Robin.","Process scheduling models determine the order in which execution threads receive CPU time, including First-Come-First-Served, Shortest Job Next, Priority Scheduling, and Round Robin. Extensive research continues to enhance its operational performance.",Similar,1
393,Convolutional Neural Networks are deep neural network architectures specifically designed for computer vision and image processing tasks. They use convolutional layers to extract spatial hierarchies of features from images.,"Convolutional Neural Networks are deep neural network architectures tailored for digital image recognition and visual analysis and image processing operations They use convolutional layers to extract spatial hierarchies of features from images. In practical applications, this provides robust capabilities.",Similar,1
283,"The OSI reference model defines network communication through seven conceptual layers: Physical, Data Link, Network, Transport, Session, Presentation, and Application.","The The 7-layer OSI model formalizes telecommunication protocols through seven conceptual layers: Physical, Data Link, Network, Transport, Session, Presentation, and Application. This concept is fundamental to modern computing systems.",Similar,1
359,"Cloud computing delivers computing services including servers, storage, databases, networking, and software over the internet with on-demand elasticity and pay-as-you-go pricing.","Cloud infrastructure provides on-demand computational capabilities including servers, memory capacity databases, networking, and software over the internet with on-demand elasticity and pay-as-you-go pricing. Extensive research continues to enhance its operational performance.",Similar,1
398,Domain Name System translates human-friendly domain names like example.com into numerical IP addresses required for packet routing across the internet.,Domain Name System translates human-friendly domain names like example.com into numerical IP addresses required for packet routing across the internet. This concept is fundamental to modern computing systems.,Similar,1
255,"Multi-factor authentication strengthens access control by requiring two or more independent credentials such as passwords, authenticator tokens, or biometrics.","Multi-factor authentication strengthens access control by requiring two or more independent credentials such as passwords, authenticator tokens, or biometrics. This concept is fundamental to modern computing systems.",Similar,1
218,"Cloud service models are categorized into Infrastructure as a Service, Platform as a Service, and Software as a Service depending on the degree of customer management.","Cloud service models are categorized into Infrastructure as a Service, Platform as a Service, and Software as a Service depending on the degree of customer management. Extensive research continues to enhance its operational performance.",Similar,1
5,Convolutional Neural Networks are deep neural network architectures specifically designed for computer vision and image processing tasks. They use convolutional layers to extract spatial hierarchies of features from images.,Convolutional Neural Networks are deep neural network architectures specifically designed for computer vision and image processing tasks. They use convolutional layers to extract spatial hierarchies of features from images.,Duplicate,2
257,Semaphores and mutex locks are synchronization primitives designed to prevent race conditions and enforce mutual exclusion in multithreaded concurrent systems.,Semaphores and mutex locks are synchronization primitives designed to prevent race conditions and enforce mutual exclusion in multithreaded concurrent systems. Industry adoption of this method has increased drastically.,Similar,1
564,Deadlock occurs in concurrent programming when two or more processes are permanently blocked because each is waiting for a resource held by another process in a circular wait condition.,Public-key cryptography utilizes asymmetric key pairs consisting of a public key for encryption and a private mathematically linked key for decryption.,Different,0
534,Deadlock occurs in concurrent programming when two or more processes are permanently blocked because each is waiting for a resource held by another process in a circular wait condition.,"User Datagram Protocol is a connectionless transport protocol prioritizing low latency over reliability, frequently used in real-time video streaming, DNS lookups, and gaming.",Different,0
431,"Microservices architecture structures an enterprise application as a collection of loosely coupled, independently deployable services communicating via REST APIs or message brokers.","Virtual memory uses paging and swapping mechanisms to combine physical RAM with secondary disk storage, allowing programs larger than physical memory to execute smoothly.",Different,0
101,"Serverless computing allows developers to deploy event-driven functions without provisioning or managing underlying virtual servers, scaling automatically to zero when idle.","Serverless computing allows developers to deploy event-driven functions without provisioning or managing underlying virtual servers, scaling automatically to zero when idle.",Duplicate,2
227,"Transmission Control Protocol provides connection-oriented, reliable, and ordered delivery of byte streams between networked hosts through three-way handshakes and flow control.","Transmission Control Protocol provides connection-oriented, dependable and ordered delivery of byte streams between networked hosts through three-way handshakes and flow control. Extensive research continues to enhance its operational performance.",Similar,1
449,"Process scheduling algorithms determine the order in which execution threads receive CPU time, including First-Come-First-Served, Shortest Job Next, Priority Scheduling, and Round Robin.","NoSQL databases provide flexible schema designs and horizontal scalability for distributed data models, including document stores like MongoDB, key-value stores like Redis, and graph databases like Neo4j.",Different,0
548,"Database normalization is the systematic process of organizing fields and tables to minimize data redundancy and dependency anomalies, progressing through 1NF, 2NF, 3NF, and BCNF.",Deadlock occurs in concurrent programming when two or more processes are permanently blocked because each is waiting for a resource held by another process in a circular wait condition.,Different,0
572,Semaphores and mutex locks are synchronization primitives designed to prevent race conditions and enforce mutual exclusion in multithreaded concurrent systems.,SQL indexing creates data structures such as B-trees or hash tables on table columns to drastically speed up query retrieval performance at the cost of additional storage and write overhead.,Different,0
214,"An operating system acts as an intermediary between computer hardware and user applications, providing process management, memory management, file systems, and device control.","An The OS serves as a software bridge between computer hardware and user applications, providing process management, memory management, file systems, and device control. Extensive research continues to enhance its operational performance.",Similar,1
360,Semaphores and mutex locks are synchronization primitives designed to prevent race conditions and enforce mutual exclusion in multithreaded concurrent systems.,"Semaphores and mutex locks are synchronization primitives designed to prevent race conditions and enforce mutual exclusion in multithreaded concurrent systems. In practical applications, this provides robust capabilities.",Similar,1
172,"Supervised learning algorithms are trained using labeled datasets where the desired output is known. Unsupervised learning models discover hidden patterns or groupings in unlabeled datasets, such as k-means clustering.","Supervised learning algorithms are trained using labeled datasets where the desired output is known. Unsupervised learning models discover hidden patterns or groupings in unlabeled datasets, such as k-means clustering.",Duplicate,2
99,"Virtual memory uses paging and swapping mechanisms to combine physical RAM with secondary disk storage, allowing programs larger than physical memory to execute smoothly.","Virtual memory uses paging and swapping mechanisms to combine physical RAM with secondary disk storage, allowing programs larger than physical memory to execute smoothly.",Duplicate,2
293,Routing algorithms such as Dijkstra's link-state and Bellman-Ford distance-vector establish optimum packet paths across interconnected autonomous system networks.,"Routing models such as Dijkstra's link-state and Bellman-Ford distance-vector establish optimum packet paths across interconnected autonomous system networks. In practical applications, this provides robust capabilities.",Similar,1
216,"User Datagram Protocol is a connectionless transport protocol prioritizing low latency over reliability, frequently used in real-time video streaming, DNS lookups, and gaming.","User Datagram Protocol is a connectionless transport protocol prioritizing low latency over reliability, frequently used in real-time video streaming, DNS lookups, and gaming. This concept is fundamental to modern computing systems.",Similar,1
62,"Serverless computing allows developers to deploy event-driven functions without provisioning or managing underlying virtual servers, scaling automatically to zero when idle.","Serverless computing allows developers to deploy event-driven functions without  provisioning or managing underlying virtual servers, scaling automatically to zero when idle.",Duplicate,2
407,"The OSI reference model defines network communication through seven conceptual layers: Physical, Data Link, Network, Transport, Session, Presentation, and Application.","Process scheduling algorithms determine the order in which execution threads receive CPU time, including First-Come-First-Served, Shortest Job Next, Priority Scheduling, and Round Robin.",Different,0
48,"Process scheduling algorithms determine the order in which execution threads receive CPU time, including First-Come-First-Served, Shortest Job Next, Priority Scheduling, and Round Robin.","Process scheduling algorithms determine the order in which execution threads receive CPU time, including First-Come-First-Served, Shortest Job Next, Priority Scheduling, and Round Robin.",Duplicate,2
33,"Serverless computing allows developers to deploy event-driven functions without provisioning or managing underlying virtual servers, scaling automatically to zero when idle.","Serverless computing allows developers to deploy event-driven functions without provisioning or managing underlying virtual servers, scaling automatically to zero when idle.",Duplicate,2
418,"Cloud computing delivers computing services including servers, storage, databases, networking, and software over the internet with on-demand elasticity and pay-as-you-go pricing.","An operating system acts as an intermediary between computer hardware and user applications, providing process management, memory management, file systems, and device control.",Different,0
268,"Database normalization is the systematic process of organizing fields and tables to minimize data redundancy and dependency anomalies, progressing through 1NF, 2NF, 3NF, and BCNF.","Database normalization is the systematic process of organizing fields and tables to minimize data redundancy and dependency anomalies, progressing through 1NF, 2NF, 3NF, and BCNF. Extensive research continues to enhance its operational performance.",Similar,1
328,"Process scheduling algorithms determine the order in which execution threads receive CPU time, including First-Come-First-Served, Shortest Job Next, Priority Scheduling, and Round Robin.","Process scheduling models determine the order in which execution threads receive CPU time, including First-Come-First-Served, Shortest Job Next, Priority Scheduling, and Round Robin. Extensive research continues to enhance its operational performance.",Similar,1
201,"Serverless computing allows developers to deploy event-driven functions without provisioning or managing underlying virtual servers, scaling automatically to zero when idle.","Serverless computing allows software engineers to deploy event-driven functions without provisioning or managing underlying virtual servers, scaling automatically to zero when idle. Industry adoption of this method has increased drastically.",Similar,1
135,"Supervised learning algorithms are trained using labeled datasets where the desired output is known. Unsupervised learning models discover hidden patterns or groupings in unlabeled datasets, such as k-means clustering.","Supervised learning algorithms are trained using labeled datasets where the desired output is known.  Unsupervised learning models discover hidden patterns or groupings in unlabeled datasets, such as k-means clustering.",Duplicate,2
28,Semaphores and mutex locks are synchronization primitives designed to prevent race conditions and enforce mutual exclusion in multithreaded concurrent systems.,Semaphores and mutex locks are synchronization primitives designed to prevent race conditions  and enforce mutual exclusion in multithreaded concurrent systems.,Duplicate,2
525,Public-key cryptography utilizes asymmetric key pairs consisting of a public key for encryption and a private mathematically linked key for decryption.,"The OSI reference model defines network communication through seven conceptual layers: Physical, Data Link, Network, Transport, Session, Presentation, and Application.",Different,0
506,Denial of Service and Distributed Denial of Service attacks attempt to disrupt the normal traffic of a targeted server by overwhelming it with a flood of malicious traffic.,Deadlock occurs in concurrent programming when two or more processes are permanently blocked because each is waiting for a resource held by another process in a circular wait condition.,Different,0
231,Convolutional Neural Networks are deep neural network architectures specifically designed for computer vision and image processing tasks. They use convolutional layers to extract spatial hierarchies of features from images.,Convolutional Neural Networks are deep neural network architectures tailored for digital image recognition and visual analysis and image processing operations They use convolutional layers to extract spatial hierarchies of features from images. This concept is fundamental to modern computing systems.,Similar,1
490,Denial of Service and Distributed Denial of Service attacks attempt to disrupt the normal traffic of a targeted server by overwhelming it with a flood of malicious traffic.,"User Datagram Protocol is a connectionless transport protocol prioritizing low latency over reliability, frequently used in real-time video streaming, DNS lookups, and gaming.",Different,0
261,"Cloud computing delivers computing services including servers, storage, databases, networking, and software over the internet with on-demand elasticity and pay-as-you-go pricing.","Cloud infrastructure provides on-demand computational capabilities including servers, memory capacity databases, networking, and software over the internet with on-demand elasticity and pay-as-you-go pricing. This concept is fundamental to modern computing systems.",Similar,1
379,"NoSQL databases provide flexible schema designs and horizontal scalability for distributed data models, including document stores like MongoDB, key-value stores like Redis, and graph databases like Neo4j.","NoSQL databases provide flexible schema designs and horizontal scalability for distributed data models, including document stores like MongoDB, key-value stores like Redis, and graph databases like Neo4j. In practical applications, this provides robust capabilities.",Similar,1
289,A firewall monitors and filters incoming and outgoing network traffic based on predefined security rules to block unauthorized access and malicious threats.,A firewall monitors and filters incoming and outgoing network traffic based on predefined security rules to block unauthorized access and malicious threats. Extensive research continues to enhance its operational performance.,Similar,1
419,"NoSQL databases provide flexible schema designs and horizontal scalability for distributed data models, including document stores like MongoDB, key-value stores like Redis, and graph databases like Neo4j.","Cloud computing delivers computing services including servers, storage, databases, networking, and software over the internet with on-demand elasticity and pay-as-you-go pricing.",Different,0
392,Deadlock occurs in concurrent programming when two or more processes are permanently blocked because each is waiting for a resource held by another process in a circular wait condition.,A deadlock situation arises during multithreading when two or more processes are permanently blocked because each is waiting for a resource held by another process in a circular wait condition. Extensive research continues to enhance its operational performance.,Similar,1
499,"An operating system acts as an intermediary between computer hardware and user applications, providing process management, memory management, file systems, and device control.","The OSI reference model defines network communication through seven conceptual layers: Physical, Data Link, Network, Transport, Session, Presentation, and Application.",Different,0
139,Containerization packages application code together with its runtime dependencies into portable containers orchestrated at scale using tools like Docker and Kubernetes.,Containerization packages application code together with its runtime dependencies into portable containers orchestrated at scale using tools like Docker and Kubernetes.,Duplicate,2
63,"Transmission Control Protocol provides connection-oriented, reliable, and ordered delivery of byte streams between networked hosts through three-way handshakes and flow control.","Transmission Control Protocol provides connection-oriented, reliable, and ordered delivery of byte streams between networked hosts through three-way  handshakes and flow control.",Duplicate,2
472,A firewall monitors and filters incoming and outgoing network traffic based on predefined security rules to block unauthorized access and malicious threats.,"Cloud computing delivers computing services including servers, storage, databases, networking, and software over the internet with on-demand elasticity and pay-as-you-go pricing.",Different,0
129,"Supervised learning algorithms are trained using labeled datasets where the desired output is known. Unsupervised learning models discover hidden patterns or groupings in unlabeled datasets, such as k-means clustering.","Supervised learning algorithms  are trained using labeled datasets where the desired output is known. Unsupervised learning models discover hidden patterns or groupings in unlabeled datasets, such as k-means clustering.",Duplicate,2
584,"Process scheduling algorithms determine the order in which execution threads receive CPU time, including First-Come-First-Served, Shortest Job Next, Priority Scheduling, and Round Robin.","Multi-factor authentication strengthens access control by requiring two or more independent credentials such as passwords, authenticator tokens, or biometrics.",Different,0
521,"Transmission Control Protocol provides connection-oriented, reliable, and ordered delivery of byte streams between networked hosts through three-way handshakes and flow control.","Microservices architecture structures an enterprise application as a collection of loosely coupled, independently deployable services communicating via REST APIs or message brokers.",Different,0
65,"Cloud computing delivers computing services including servers, storage, databases, networking, and software over the internet with on-demand elasticity and pay-as-you-go pricing.","Cloud computing delivers computing services including servers, storage, databases, networking, and software over the internet with on-demand elasticity and pay-as-you-go pricing.",Duplicate,2
15,"Microservices architecture structures an enterprise application as a collection of loosely coupled, independently deployable services communicating via REST APIs or message brokers.","Microservices architecture structures an enterprise application as a collection of loosely coupled, independently deployable services communicating via REST APIs or message brokers.",Duplicate,2
157,"An operating system acts as an intermediary between computer hardware and user applications, providing process management, memory management, file systems, and device control.","An operating system acts as an intermediary between computer hardware and user applications, providing process management, memory management, file systems, and device control.",Duplicate,2
41,Routing algorithms such as Dijkstra's link-state and Bellman-Ford distance-vector establish optimum packet paths across interconnected autonomous system networks.,Routing algorithms such as Dijkstra's link-state and Bellman-Ford distance-vector establish optimum  packet paths across interconnected autonomous system networks.,Duplicate,2
493,Denial of Service and Distributed Denial of Service attacks attempt to disrupt the normal traffic of a targeted server by overwhelming it with a flood of malicious traffic.,"Virtual memory uses paging and swapping mechanisms to combine physical RAM with secondary disk storage, allowing programs larger than physical memory to execute smoothly.",Different,0
380,Containerization packages application code together with its runtime dependencies into portable containers orchestrated at scale using tools like Docker and Kubernetes.,Containerization packages application code together with its runtime dependencies into portable containers orchestrated at scale using tools like Docker and Kubernetes. This concept is fundamental to modern computing systems.,Similar,1
188,"The OSI reference model defines network communication through seven conceptual layers: Physical, Data Link, Network, Transport, Session, Presentation, and Application.","The OSI reference model defines network communication through seven conceptual layers: Physical, Data Link, Network, Transport, Session, Presentation, and Application.",Duplicate,2
217,"ACID properties ensure database transaction reliability: Atomicity guarantees all-or-nothing execution, Consistency enforces constraints, Isolation separates concurrent transactions, and Durability ensures committed updates persist.","The ACID paradigm guarantees trustworthy transaction processing: Atomicity guarantees all-or-nothing execution, Consistency enforces constraints, Isolation separates concurrent transactions, and Durability ensures committed updates persist. Extensive research continues to enhance its operational performance.",Similar,1
53,Domain Name System translates human-friendly domain names like example.com into numerical IP addresses required for packet routing across the internet.,Domain Name System translates human-friendly domain names like example.com into numerical IP addresses required for packet routing across the internet.,Duplicate,2
338,Domain Name System translates human-friendly domain names like example.com into numerical IP addresses required for packet routing across the internet.,Domain Name System translates human-friendly domain names like example.com into numerical IP addresses required for packet routing across the internet. Extensive research continues to enhance its operational performance.,Similar,1
296,A relational database management system organizes data into tables consisting of rows and columns with primary keys and foreign keys enforcing referential integrity.,"A RDBMS structures records into relational tabular schemas consisting of rows and columns with primary keys and foreign keys enforcing referential integrity. In practical applications, this provides robust capabilities.",Similar,1
252,"Microservices architecture structures an enterprise application as a collection of loosely coupled, independently deployable services communicating via REST APIs or message brokers.","Microservices architecture structures an enterprise application as a collection of loosely coupled, independently deployable utilities communicating via REST APIs or message brokers. Extensive research continues to enhance its operational performance.",Similar,1
462,"The OSI reference model defines network communication through seven conceptual layers: Physical, Data Link, Network, Transport, Session, Presentation, and Application.","Natural language processing allows computers to interpret, analyze, and manipulate human language using statistical models, rule-based heuristics, and deep learning transformers like BERT and GPT.",Different,0
456,Public-key cryptography utilizes asymmetric key pairs consisting of a public key for encryption and a private mathematically linked key for decryption.,SQL indexing creates data structures such as B-trees or hash tables on table columns to drastically speed up query retrieval performance at the cost of additional storage and write overhead.,Different,0
598,"Virtual memory uses paging and swapping mechanisms to combine physical RAM with secondary disk storage, allowing programs larger than physical memory to execute smoothly.","Multi-factor authentication strengthens access control by requiring two or more independent credentials such as passwords, authenticator tokens, or biometrics.",Different,0
270,Containerization packages application code together with its runtime dependencies into portable containers orchestrated at scale using tools like Docker and Kubernetes.,Containerization packages application code together with its runtime dependencies into portable containers orchestrated at scale using tools like Docker and Kubernetes. This concept is fundamental to modern computing systems.,Similar,1
202,"Virtual memory uses paging and swapping mechanisms to combine physical RAM with secondary disk storage, allowing programs larger than physical memory to execute smoothly.","Virtual memory uses paging and swapping mechanisms to combine physical RAM with secondary disk memory capacity allowing software applications larger than physical memory to execute smoothly. In practical applications, this provides robust capabilities.",Similar,1
162,SQL indexing creates data structures such as B-trees or hash tables on table columns to drastically speed up query retrieval performance at the cost of additional storage and write overhead.,SQL indexing creates data structures such as B-trees or hash tables on table columns to drastically speed up query retrieval performance at the cost of additional storage and write overhead.,Duplicate,2
402,"Cloud computing delivers computing services including servers, storage, databases, networking, and software over the internet with on-demand elasticity and pay-as-you-go pricing.",Denial of Service and Distributed Denial of Service attacks attempt to disrupt the normal traffic of a targeted server by overwhelming it with a flood of malicious traffic.,Different,0
477,Deadlock occurs in concurrent programming when two or more processes are permanently blocked because each is waiting for a resource held by another process in a circular wait condition.,Containerization packages application code together with its runtime dependencies into portable containers orchestrated at scale using tools like Docker and Kubernetes.,Different,0
106,"User Datagram Protocol is a connectionless transport protocol prioritizing low latency over reliability, frequently used in real-time video streaming, DNS lookups, and gaming.","User Datagram Protocol is a connectionless transport protocol prioritizing low latency over reliability, frequently used in real-time video streaming, DNS lookups, and gaming.",Duplicate,2
390,SQL indexing creates data structures such as B-trees or hash tables on table columns to drastically speed up query retrieval performance at the cost of additional storage and write overhead.,SQL indexing creates data structures such as B-trees or hash tables on table columns to drastically speed up query retrieval efficiency at the cost of additional memory capacity and write overhead. Extensive research continues to enhance its operational performance.,Similar,1
2,"Serverless computing allows developers to deploy event-driven functions without provisioning or managing underlying virtual servers, scaling automatically to zero when idle.","Serverless computing allows developers to deploy event-driven functions without provisioning or managing underlying virtual servers, scaling automatically to zero when idle.",Duplicate,2
559,Containerization packages application code together with its runtime dependencies into portable containers orchestrated at scale using tools like Docker and Kubernetes.,"Natural language processing allows computers to interpret, analyze, and manipulate human language using statistical models, rule-based heuristics, and deep learning transformers like BERT and GPT.",Different,0
81,"ACID properties ensure database transaction reliability: Atomicity guarantees all-or-nothing execution, Consistency enforces constraints, Isolation separates concurrent transactions, and Durability ensures committed updates persist.","ACID properties ensure database transaction reliability: Atomicity guarantees all-or-nothing execution, Consistency enforces constraints, Isolation separates concurrent transactions, and Durability ensures committed updates persist. ",Duplicate,2
206,"Machine learning is a subset of artificial intelligence that focuses on building applications that learn from data and improve their accuracy over time without being explicitly programmed. Common algorithms include decision trees, neural networks, and support vector machines.","ML is a specialized branch within AI that focuses on building applications that extract patterns from training data to boost precision over time without being explicitly programmed. Popular computational models encompass decision trees, neural networks, and support vector machines. This concept is fundamental to modern computing systems.",Similar,1
35,Denial of Service and Distributed Denial of Service attacks attempt to disrupt the normal traffic of a targeted server by overwhelming it with a flood of malicious traffic.,Denial of Service and Distributed Denial of Service attacks attempt to disrupt the normal traffic of a targeted  server by overwhelming it with a flood of malicious traffic.,Duplicate,2
509,Public-key cryptography utilizes asymmetric key pairs consisting of a public key for encryption and a private mathematically linked key for decryption.,"Cloud computing delivers computing services including servers, storage, databases, networking, and software over the internet with on-demand elasticity and pay-as-you-go pricing.",Different,0
428,Deadlock occurs in concurrent programming when two or more processes are permanently blocked because each is waiting for a resource held by another process in a circular wait condition.,Public-key cryptography utilizes asymmetric key pairs consisting of a public key for encryption and a private mathematically linked key for decryption.,Different,0
455,"Transmission Control Protocol provides connection-oriented, reliable, and ordered delivery of byte streams between networked hosts through three-way handshakes and flow control.","Natural language processing allows computers to interpret, analyze, and manipulate human language using statistical models, rule-based heuristics, and deep learning transformers like BERT and GPT.",Different,0
367,"Process scheduling algorithms determine the order in which execution threads receive CPU time, including First-Come-First-Served, Shortest Job Next, Priority Scheduling, and Round Robin.","Process scheduling models determine the order in which execution threads receive CPU time, including First-Come-First-Served, Shortest Job Next, Priority Scheduling, and Round Robin. Extensive research continues to enhance its operational performance.",Similar,1
92,"Transmission Control Protocol provides connection-oriented, reliable, and ordered delivery of byte streams between networked hosts through three-way handshakes and flow control.","Transmission Control Protocol provides connection-oriented, reliable, and ordered delivery of byte streams between networked hosts through three-way handshakes and flow control.",Duplicate,2
340,A firewall monitors and filters incoming and outgoing network traffic based on predefined security rules to block unauthorized access and malicious threats.,A firewall monitors and filters incoming and outgoing network traffic based on predefined security rules to block unauthorized access and malicious threats. Industry adoption of this method has increased drastically.,Similar,1
346,"An operating system acts as an intermediary between computer hardware and user applications, providing process management, memory management, file systems, and device control.","An The OS serves as a software bridge between computer hardware and user applications, providing process management, memory management, file systems, and device control. In practical applications, this provides robust capabilities.",Similar,1
242,"Cloud computing delivers computing services including servers, storage, databases, networking, and software over the internet with on-demand elasticity and pay-as-you-go pricing.","Cloud infrastructure provides on-demand computational capabilities including servers, memory capacity databases, networking, and software over the internet with on-demand elasticity and pay-as-you-go pricing. In practical applications, this provides robust capabilities.",Similar,1
14,SQL indexing creates data structures such as B-trees or hash tables on table columns to drastically speed up query retrieval performance at the cost of additional storage and write overhead.,SQL indexing creates data structures such as B-trees or hash tables on table columns to drastically speed up query retrieval performance at the cost of additional storage and write overhead.,Duplicate,2
316,"Microservices architecture structures an enterprise application as a collection of loosely coupled, independently deployable services communicating via REST APIs or message brokers.","Microservices architecture structures an enterprise application as a collection of loosely coupled, independently deployable utilities communicating via REST APIs or message brokers. Industry adoption of this method has increased drastically.",Similar,1
388,Semaphores and mutex locks are synchronization primitives designed to prevent race conditions and enforce mutual exclusion in multithreaded concurrent systems.,Semaphores and mutex locks are synchronization primitives designed to prevent race conditions and enforce mutual exclusion in multithreaded concurrent systems. Industry adoption of this method has increased drastically.,Similar,1
274,"Virtual memory uses paging and swapping mechanisms to combine physical RAM with secondary disk storage, allowing programs larger than physical memory to execute smoothly.","Virtual memory uses paging and swapping mechanisms to combine physical RAM with secondary disk memory capacity allowing software applications larger than physical memory to execute smoothly. In practical applications, this provides robust capabilities.",Similar,1
167,"Natural language processing allows computers to interpret, analyze, and manipulate human language using statistical models, rule-based heuristics, and deep learning transformers like BERT and GPT.","Natural language processing allows computers to interpret, analyze, and manipulate human language using statistical models, rule-based heuristics, and deep learning transformers like BERT and GPT.",Duplicate,2
595,"Cloud computing delivers computing services including servers, storage, databases, networking, and software over the internet with on-demand elasticity and pay-as-you-go pricing.","ACID properties ensure database transaction reliability: Atomicity guarantees all-or-nothing execution, Consistency enforces constraints, Isolation separates concurrent transactions, and Durability ensures committed updates persist.",Different,0
485,"Process scheduling algorithms determine the order in which execution threads receive CPU time, including First-Come-First-Served, Shortest Job Next, Priority Scheduling, and Round Robin.","Transmission Control Protocol provides connection-oriented, reliable, and ordered delivery of byte streams between networked hosts through three-way handshakes and flow control.",Different,0
586,"An operating system acts as an intermediary between computer hardware and user applications, providing process management, memory management, file systems, and device control.",Containerization packages application code together with its runtime dependencies into portable containers orchestrated at scale using tools like Docker and Kubernetes.,Different,0
505,"User Datagram Protocol is a connectionless transport protocol prioritizing low latency over reliability, frequently used in real-time video streaming, DNS lookups, and gaming.",A relational database management system organizes data into tables consisting of rows and columns with primary keys and foreign keys enforcing referential integrity.,Different,0
244,"Microservices architecture structures an enterprise application as a collection of loosely coupled, independently deployable services communicating via REST APIs or message brokers.","Microservices architecture structures an enterprise application as a collection of loosely coupled, independently deployable utilities communicating via REST APIs or message brokers. Extensive research continues to enhance its operational performance.",Similar,1
563,"ACID properties ensure database transaction reliability: Atomicity guarantees all-or-nothing execution, Consistency enforces constraints, Isolation separates concurrent transactions, and Durability ensures committed updates persist.","Process scheduling algorithms determine the order in which execution threads receive CPU time, including First-Come-First-Served, Shortest Job Next, Priority Scheduling, and Round Robin.",Different,0
190,"NoSQL databases provide flexible schema designs and horizontal scalability for distributed data models, including document stores like MongoDB, key-value stores like Redis, and graph databases like Neo4j.","NoSQL databases provide flexible schema designs and horizontal  scalability for distributed data models, including document stores like MongoDB, key-value stores like Redis, and graph databases like Neo4j.",Duplicate,2
476,"Natural language processing allows computers to interpret, analyze, and manipulate human language using statistical models, rule-based heuristics, and deep learning transformers like BERT and GPT.","NoSQL databases provide flexible schema designs and horizontal scalability for distributed data models, including document stores like MongoDB, key-value stores like Redis, and graph databases like Neo4j.",Different,0
511,"NoSQL databases provide flexible schema designs and horizontal scalability for distributed data models, including document stores like MongoDB, key-value stores like Redis, and graph databases like Neo4j.","Supervised learning algorithms are trained using labeled datasets where the desired output is known. Unsupervised learning models discover hidden patterns or groupings in unlabeled datasets, such as k-means clustering.",Different,0
59,SQL indexing creates data structures such as B-trees or hash tables on table columns to drastically speed up query retrieval performance at the cost of additional storage and write overhead.,SQL indexing creates data structures such as B-trees or hash tables  on table columns to drastically speed up query retrieval performance at the cost of additional storage and write overhead.,Duplicate,2
475,"Virtual memory uses paging and swapping mechanisms to combine physical RAM with secondary disk storage, allowing programs larger than physical memory to execute smoothly.",SQL indexing creates data structures such as B-trees or hash tables on table columns to drastically speed up query retrieval performance at the cost of additional storage and write overhead.,Different,0
561,"Cloud computing delivers computing services including servers, storage, databases, networking, and software over the internet with on-demand elasticity and pay-as-you-go pricing.","Process scheduling algorithms determine the order in which execution threads receive CPU time, including First-Come-First-Served, Shortest Job Next, Priority Scheduling, and Round Robin.",Different,0
253,Domain Name System translates human-friendly domain names like example.com into numerical IP addresses required for packet routing across the internet.,Domain Name System translates human-friendly domain names like example.com into numerical IP addresses required for packet routing across the internet. Extensive research continues to enhance its operational performance.,Similar,1
22,"Cloud computing delivers computing services including servers, storage, databases, networking, and software over the internet with on-demand elasticity and pay-as-you-go pricing.","Cloud computing delivers computing services including servers, storage, databases, networking, and software  over the internet with on-demand elasticity and pay-as-you-go pricing.",Duplicate,2
314,Routing algorithms such as Dijkstra's link-state and Bellman-Ford distance-vector establish optimum packet paths across interconnected autonomous system networks.,Routing models such as Dijkstra's link-state and Bellman-Ford distance-vector establish optimum packet paths across interconnected autonomous system networks. This concept is fundamental to modern computing systems.,Similar,1
460,"Machine learning is a subset of artificial intelligence that focuses on building applications that learn from data and improve their accuracy over time without being explicitly programmed. Common algorithms include decision trees, neural networks, and support vector machines.","Cloud service models are categorized into Infrastructure as a Service, Platform as a Service, and Software as a Service depending on the degree of customer management.",Different,0
161,"Cloud computing delivers computing services including servers, storage, databases, networking, and software over the internet with on-demand elasticity and pay-as-you-go pricing.","Cloud computing delivers computing services including servers, storage, databases, networking, and software over the internet with on-demand elasticity and pay-as-you-go pricing.",Duplicate,2
277,"SQL injection occurs when untrusted user input is directly concatenated into SQL database queries, allowing attackers to manipulate queries and extract confidential data.","SQL injection occurs when untrusted user input is directly concatenated into SQL database queries, allowing attackers to manipulate queries and extract sensitive private data. Extensive research continues to enhance its operational performance.",Similar,1
192,"ACID properties ensure database transaction reliability: Atomicity guarantees all-or-nothing execution, Consistency enforces constraints, Isolation separates concurrent transactions, and Durability ensures committed updates persist.","ACID properties ensure database transaction reliability: Atomicity guarantees all-or-nothing execution, Consistency enforces constraints, Isolation separates concurrent transactions, and Durability ensures committed updates persist.",Duplicate,2
386,Routing algorithms such as Dijkstra's link-state and Bellman-Ford distance-vector establish optimum packet paths across interconnected autonomous system networks.,Routing models such as Dijkstra's link-state and Bellman-Ford distance-vector establish optimum packet paths across interconnected autonomous system networks. Industry adoption of this method has increased drastically.,Similar,1
414,Routing algorithms such as Dijkstra's link-state and Bellman-Ford distance-vector establish optimum packet paths across interconnected autonomous system networks.,Convolutional Neural Networks are deep neural network architectures specifically designed for computer vision and image processing tasks. They use convolutional layers to extract spatial hierarchies of features from images.,Different,0
492,"Serverless computing allows developers to deploy event-driven functions without provisioning or managing underlying virtual servers, scaling automatically to zero when idle.",Convolutional Neural Networks are deep neural network architectures specifically designed for computer vision and image processing tasks. They use convolutional layers to extract spatial hierarchies of features from images.,Different,0
344,"Database normalization is the systematic process of organizing fields and tables to minimize data redundancy and dependency anomalies, progressing through 1NF, 2NF, 3NF, and BCNF.","Database normalization is the systematic process of organizing fields and tables to minimize data redundancy and dependency anomalies, progressing through 1NF, 2NF, 3NF, and BCNF. Extensive research continues to enhance its operational performance.",Similar,1
309,"Database normalization is the systematic process of organizing fields and tables to minimize data redundancy and dependency anomalies, progressing through 1NF, 2NF, 3NF, and BCNF.","Database normalization is the systematic process of organizing fields and tables to minimize data redundancy and dependency anomalies, progressing through 1NF, 2NF, 3NF, and BCNF. This concept is fundamental to modern computing systems.",Similar,1
131,Domain Name System translates human-friendly domain names like example.com into numerical IP addresses required for packet routing across the internet.,Domain Name System translates human-friendly domain names like example.com into numerical IP addresses required for packet routing across the internet.,Duplicate,2
100,"Virtual memory uses paging and swapping mechanisms to combine physical RAM with secondary disk storage, allowing programs larger than physical memory to execute smoothly.","Virtual memory uses paging and swapping mechanisms to combine physical RAM with secondary disk storage, allowing programs larger than physical memory to execute smoothly.",Duplicate,2
373,"ACID properties ensure database transaction reliability: Atomicity guarantees all-or-nothing execution, Consistency enforces constraints, Isolation separates concurrent transactions, and Durability ensures committed updates persist.","The ACID paradigm guarantees trustworthy transaction processing: Atomicity guarantees all-or-nothing execution, Consistency enforces constraints, Isolation separates concurrent transactions, and Durability ensures committed updates persist. This concept is fundamental to modern computing systems.",Similar,1
88,Routing algorithms such as Dijkstra's link-state and Bellman-Ford distance-vector establish optimum packet paths across interconnected autonomous system networks.,Routing algorithms such as Dijkstra's link-state and Bellman-Ford distance-vector establish optimum packet paths across interconnected autonomous system networks.,Duplicate,2
459,Routing algorithms such as Dijkstra's link-state and Bellman-Ford distance-vector establish optimum packet paths across interconnected autonomous system networks.,Semaphores and mutex locks are synchronization primitives designed to prevent race conditions and enforce mutual exclusion in multithreaded concurrent systems.,Different,0
331,"Machine learning is a subset of artificial intelligence that focuses on building applications that learn from data and improve their accuracy over time without being explicitly programmed. Common algorithms include decision trees, neural networks, and support vector machines.","ML is a specialized branch within AI that focuses on building applications that extract patterns from training data to boost precision over time without being explicitly programmed. Popular computational models encompass decision trees, neural networks, and support vector machines. Extensive research continues to enhance its operational performance.",Similar,1
215,Containerization packages application code together with its runtime dependencies into portable containers orchestrated at scale using tools like Docker and Kubernetes.,Containerization packages application code together with its runtime dependencies into portable containers orchestrated at scale using tools like Docker and Kubernetes. Industry adoption of this method has increased drastically.,Similar,1
467,A relational database management system organizes data into tables consisting of rows and columns with primary keys and foreign keys enforcing referential integrity.,Denial of Service and Distributed Denial of Service attacks attempt to disrupt the normal traffic of a targeted server by overwhelming it with a flood of malicious traffic.,Different,0
122,Containerization packages application code together with its runtime dependencies into portable containers orchestrated at scale using tools like Docker and Kubernetes.,Containerization packages application code together with its runtime dependencies into portable containers orchestrated at scale using tools like Docker and Kubernetes.,Duplicate,2
21,"User Datagram Protocol is a connectionless transport protocol prioritizing low latency over reliability, frequently used in real-time video streaming, DNS lookups, and gaming.","User Datagram Protocol is a connectionless transport protocol prioritizing low latency over reliability, frequently used in real-time video streaming, DNS lookups, and gaming.",Duplicate,2
72,"Process scheduling algorithms determine the order in which execution threads receive CPU time, including First-Come-First-Served, Shortest Job Next, Priority Scheduling, and Round Robin.","Process scheduling algorithms determine the order in which execution threads  receive CPU time, including First-Come-First-Served, Shortest Job Next, Priority Scheduling, and Round Robin.",Duplicate,2
107,"Virtual memory uses paging and swapping mechanisms to combine physical RAM with secondary disk storage, allowing programs larger than physical memory to execute smoothly.","Virtual memory uses paging and swapping mechanisms to combine physical RAM with secondary disk storage, allowing programs larger than physical memory to execute smoothly.",Duplicate,2
271,Convolutional Neural Networks are deep neural network architectures specifically designed for computer vision and image processing tasks. They use convolutional layers to extract spatial hierarchies of features from images.,Convolutional Neural Networks are deep neural network architectures tailored for digital image recognition and visual analysis and image processing operations They use convolutional layers to extract spatial hierarchies of features from images. Extensive research continues to enhance its operational performance.,Similar,1
436,"An operating system acts as an intermediary between computer hardware and user applications, providing process management, memory management, file systems, and device control.","Microservices architecture structures an enterprise application as a collection of loosely coupled, independently deployable services communicating via REST APIs or message brokers.",Different,0
103,"Supervised learning algorithms are trained using labeled datasets where the desired output is known. Unsupervised learning models discover hidden patterns or groupings in unlabeled datasets, such as k-means clustering.","Supervised learning algorithms are trained using labeled datasets where the desired output is known. Unsupervised learning models discover hidden patterns or groupings in unlabeled datasets, such as k-means clustering.",Duplicate,2
